date,market,nc_long,nc_short,nc_net,d_long,d_short,d_net,skew_ratio,close
2016-09-13,DOW_x5,77122,18569,58553,,,,,18066.75
2016-09-13,NASDAQ100_MINI,134075,37909,96166,,,,,4722.8501
2016-09-13,SP500,119140,100576,18564,,,,,2128.8
2016-09-20,DOW_x5,71002,16726,54276,-6120,-1843,-4277,-0.5371,18129.9609
2016-09-20,NASDAQ100_MINI,148171,29457,118714,14096,-8452,22548,1.0,4805.2202
2016-09-20,SP500,110229,90463,19766,-8911,-10113,1202,0.0632,2131.1
2016-09-27,DOW_x5,77385,16512,60873,6383,-214,6597,1.0,18228.3008
2016-09-27,NASDAQ100_MINI,166964,30472,136492,18793,1015,17778,0.8975,4866.71
2016-09-27,SP500,111265,94104,17161,1036,3641,-2605,-0.557,2152.8
2016-10-04,DOW_x5,77729,19158,58571,344,2646,-2302,-0.7699,18168.4492
2016-10-04,NASDAQ100_MINI,165881,28492,137389,-1083,-1980,897,0.2929,4859.4702
2016-10-04,SP500,108077,97342,10735,-3188,3238,-6426,-1.0,2144.7
2016-10-11,DOW_x5,75492,22871,52621,-2237,3713,-5950,-1.0,18128.6602
2016-10-11,NASDAQ100_MINI,158626,29327,129299,-7255,835,-8090,-1.0,4821.9102
2016-10-11,SP500,104197,106414,-2217,-3880,9072,-12952,-1.0,2134.4
2016-10-18,DOW_x5,76085,20223,55862,593,-2648,3241,1.0,18161.9395
2016-10-18,NASDAQ100_MINI,184445,27325,157120,25819,-2002,27821,1.0,4839.7202
2016-10-18,SP500,107706,95050,12656,3509,-11364,14873,1.0,2131.9
2016-10-25,DOW_x5,72416,23806,48610,-3669,3583,-7252,-1.0,18169.2695
2016-10-25,NASDAQ100_MINI,191604,28942,162662,7159,1617,5542,0.6315,4891.4502
2016-10-25,SP500,102827,102809,18,-4879,7759,-12638,-1.0,2138
2016-11-01,DOW_x5,69356,27137,42219,-3060,3331,-6391,-1.0,18037.0996
2016-11-01,NASDAQ100_MINI,161406,29703,131703,-30198,761,-30959,-1.0,4766.9399
2016-11-01,SP500,102026,100054,1972,-801,-2755,1954,0.5495,2103.8
2016-11-08,DOW_x5,74367,30869,43498,5011,3732,1279,0.1463,18332.7402
2016-11-08,NASDAQ100_MINI,127947,26346,101601,-33459,-3357,-30102,-0.8176,4804.9199
2016-11-08,SP500,101870,92197,9673,-156,-7857,7701,0.9611,2135.5
2016-11-15,DOW_x5,75845,15956,59889,1478,-14913,16391,1.0,18923.0605
2016-11-15,NASDAQ100_MINI,109255,37843,71412,-18692,11497,-30189,-1.0,4764.4702
2016-11-15,SP500,97544,93626,3918,-4326,1429,-5755,-1.0,2179.3
2016-11-22,DOW_x5,80374,17764,62610,4529,1808,2721,0.4294,19023.8691
2016-11-22,NASDAQ100_MINI,118448,34185,84263,9193,-3658,12851,1.0,4873.8398
2016-11-22,SP500,97136,105689,-8553,-408,12063,-12471,-1.0,2200.3
2016-11-29,DOW_x5,89343,18823,70520,8969,1059,7910,0.7888,19121.5996
2016-11-29,NASDAQ100_MINI,124957,35685,89272,6509,1500,5009,0.6254,4873.21
2016-11-29,SP500,96958,115816,-18858,-178,10127,-10305,-1.0,2203.8
2016-12-06,DOW_x5,87027,17902,69125,-2316,-921,-1395,-0.431,19251.7793
2016-12-06,NASDAQ100_MINI,100842,48114,52728,-24115,12429,-36544,-1.0,4788.6699
2016-12-06,SP500,91075,110320,-19245,-5883,-5496,-387,-0.034,2210.1
2016-12-13,DOW_x5,73392,14943,58449,-13635,-2959,-10676,-0.6434,19911.2109
2016-12-13,NASDAQ100_MINI,113933,36813,77120,13091,-11301,24392,1.0,4935.8398
2016-12-13,SP500,96682,105393,-8711,5607,-4927,10534,1.0,2273.2
2016-12-20,DOW_x5,74608,13313,61295,1216,-1630,2846,1.0,19974.6191
2016-12-20,NASDAQ100_MINI,114350,39411,74939,417,2598,-2181,-0.7234,4953.7998
2016-12-20,SP500,84787,85802,-1015,-11895,-19591,7696,0.2444,2266.5
2016-12-27,DOW_x5,74253,13917,60336,-355,604,-959,-1.0,19945.0391
2016-12-27,NASDAQ100_MINI,115836,32316,83520,1486,-7095,8581,1.0,4965.8101
2016-12-27,SP500,89989,83335,6654,5202,-2467,7669,1.0,2260.9
2017-01-03,DOW_x5,83644,13520,70124,9391,-397,9788,1.0,19881.7598
2017-01-03,NASDAQ100_MINI,118850,45171,73679,3014,12855,-9841,-0.6201,4911.3301
2017-01-03,SP500,98348,77437,20911,8359,-5898,14257,1.0,2252.6
2017-01-10,DOW_x5,73657,12347,61310,-9987,-1173,-8814,-0.7898,19855.5293
2017-01-10,NASDAQ100_MINI,115744,34036,81708,-3106,-11135,8029,0.5638,5035.1699
2017-01-10,SP500,91962,85545,6417,-6386,8108,-14494,-1.0,2263.7
2017-01-17,DOW_x5,74734,10618,64116,1077,-1729,2806,1.0,19826.7695
2017-01-17,NASDAQ100_MINI,122611,33606,89005,6867,-430,7297,1.0,5044.6499
2017-01-17,SP500,92286,83377,8909,324,-2168,2492,1.0,2262.7
2017-01-24,DOW_x5,82108,18594,63514,7374,7976,-602,-0.0392,19912.7109
2017-01-24,NASDAQ100_MINI,117233,29551,87682,-5378,-4055,-1323,-0.1403,5101.0601
2017-01-24,SP500,99295,83019,16276,7009,-358,7367,1.0,2274.6
2017-01-31,DOW_x5,71975,19453,52522,-10133,859,-10992,-1.0,19864.0898
2017-01-31,NASDAQ100_MINI,130504,30807,99697,13271,1256,12015,0.8271,5116.77
2017-01-31,SP500,100350,85183,15167,1055,2164,-1109,-0.3445,2274.5
2017-02-07,DOW_x5,74095,15994,58101,2120,-3459,5579,1.0,20090.2891
2017-02-07,NASDAQ100_MINI,122715,30298,92417,-7789,-509,-7280,-0.8773,5185.8799
2017-02-07,SP500,95408,86234,9174,-4942,1051,-5993,-1.0,2288.4
2017-02-14,DOW_x5,70402,15592,54810,-3693,-402,-3291,-0.8037,20504.4102
2017-02-14,NASDAQ100_MINI,120230,30549,89681,-2485,251,-2736,-1.0,5271.0698
2017-02-14,SP500,100160,87317,12843,4752,1083,3669,0.6288,2337
2017-02-21,DOW_x5,67318,15876,51442,-3084,284,-3368,-1.0,20743
2017-02-21,NASDAQ100_MINI,123764,44388,79376,3534,13839,-10305,-0.5932,5350.73
2017-02-21,SP500,102160,93720,8440,2000,6403,-4403,-0.524,2360
2017-02-28,DOW_x5,76255,16743,59512,8937,867,8070,0.8231,20812.2402
2017-02-28,NASDAQ100_MINI,128570,44783,83787,4806,395,4411,0.8481,5330.3101
2017-02-28,SP500,116026,95727,20299,13866,2007,11859,0.7471,2362.8
2017-03-07,DOW_x5,82300,16978,65322,6045,235,5810,0.9252,20924.7598
2017-03-07,NASDAQ100_MINI,120507,45718,74789,-8063,935,-8998,-1.0,5351.2798
2017-03-07,SP500,128582,94109,34473,12556,-1618,14174,1.0,2366.4
2017-03-14,DOW_x5,86355,13243,73112,4055,-3735,7790,1.0,20837.3691
2017-03-14,NASDAQ100_MINI,120192,46076,74116,-315,358,-673,-1.0,5382.1699
2017-03-14,SP500,138375,97652,40723,9793,3543,6250,0.4687,2366.4
2017-03-21,DOW_x5,79436,10849,68587,-6919,-2394,-4525,-0.4859,20668.0098
2017-03-21,NASDAQ100_MINI,119170,43038,76132,-1022,-3038,2016,0.4966,5332.5298
2017-03-21,SP500,116503,88730,27773,-21872,-8922,-12950,-0.4205,2342.2
2017-03-28,DOW_x5,82960,9530,73430,3524,-1319,4843,1.0,20701.5
2017-03-28,NASDAQ100_MINI,127692,42397,85295,8522,-641,9163,1.0,5407.21
2017-03-28,SP500,127545,83021,44524,11042,-5709,16751,1.0,2351.4
2017-04-04,DOW_x5,73472,7380,66092,-9488,-2150,-7338,-0.6305,20689.2402
2017-04-04,NASDAQ100_MINI,131508,37474,94034,3816,-4923,8739,1.0,5440.4102
2017-04-04,SP500,117951,86427,31524,-9594,3406,-13000,-1.0,2356.6
2017-04-11,DOW_x5,75181,8685,66496,1709,1305,404,0.134,20651.3008
2017-04-11,NASDAQ100_MINI,135331,37583,97748,3823,109,3714,0.9446,5398.3999
2017-04-11,SP500,119186,90423,28763,1235,3996,-2761,-0.5278,2351.1
2017-04-18,DOW_x5,77109,10404,66705,1928,1719,209,0.0573,20523.2793
2017-04-18,NASDAQ100_MINI,139721,33883,105838,4390,-3700,8090,1.0,5391.6602
2017-04-18,SP500,121741,92430,29311,2555,2007,548,0.1201,2337.3
2017-04-25,DOW_x5,76245,11711,64534,-864,1307,-2171,-1.0,20996.1191
2017-04-25,NASDAQ100_MINI,153266,38743,114523,13545,4860,8685,0.4719,5548.1899
2017-04-25,SP500,120828,92165,28663,-913,-265,-648,-0.5501,2385
2017-05-02,DOW_x5,68659,10552,58107,-7586,-1159,-6427,-0.7349,20949.8906
2017-05-02,NASDAQ100_MINI,144901,39068,105833,-8365,325,-8690,-1.0,5644.0698
2017-05-02,SP500,106186,89807,16379,-14642,-2358,-12284,-0.7226,2385.8
2017-05-09,DOW_x5,59834,10899,48935,-8825,347,-9172,-1.0,20975.7793
2017-05-09,NASDAQ100_MINI,135809,41322,94487,-9092,2254,-11346,-1.0,5678.3101
2017-05-09,SP500,105747,94137,11610,-439,4330,-4769,-1.0,2393.3
2017-05-16,DOW_x5,57405,11746,45659,-2429,847,-3276,-1.0,20979.75
2017-05-16,NASDAQ100_MINI,126272,47734,78538,-9537,6412,-15949,-1.0,5724.4399
2017-05-16,SP500,101566,99713,1853,-4181,5576,-9757,-1.0,2397.1
2017-05-23,DOW_x5,57501,13563,43938,96,1817,-1721,-0.8996,20937.9102
2017-05-23,NASDAQ100_MINI,118768,44685,74083,-7504,-3049,-4455,-0.4222,5703.3501
2017-05-23,SP500,102982,101489,1493,1416,1776,-360,-0.1128,2398
2017-05-30,DOW_x5,60639,14634,46005,3138,1071,2067,0.4911,21029.4707
2017-05-30,NASDAQ100_MINI,126840,46531,80309,8072,1846,6226,0.6277,5794.6299
2017-05-30,SP500,104991,101857,3134,2009,368,1641,0.6904,2410.7
2017-06-06,DOW_x5,63300,13811,49489,2661,-823,3484,1.0,21136.2305
2017-06-06,NASDAQ100_MINI,146371,53879,92492,19531,7348,12183,0.4533,5856.77
2017-06-06,SP500,108034,103683,4351,3043,1826,1217,0.2499,2430.8
2017-06-13,DOW_x5,67450,14059,53391,4150,248,3902,0.8872,21328.4707
2017-06-13,NASDAQ100_MINI,150842,49258,101584,4471,-4621,9092,1.0,5751.8198
2017-06-13,SP500,110467,104381,6086,2433,698,1735,0.5541,2440
2017-06-20,DOW_x5,69089,7802,61287,1639,-6257,7896,1.0,21467.1406
2017-06-20,NASDAQ100_MINI,124597,53655,70942,-26245,4397,-30642,-1.0,5726.3101
2017-06-20,SP500,96346,92883,3463,-14121,-11498,-2623,-0.1024,2437.5
2017-06-27,DOW_x5,77891,10074,67817,8802,2272,6530,0.5897,21310.6602
2017-06-27,NASDAQ100_MINI,111325,60123,51202,-13272,6468,-19740,-1.0,5671.6001
2017-06-27,SP500,100516,93706,6810,4170,823,3347,0.6703,2420.6
2017-07-03,DOW_x5,81661,8410,73251,3770,-1664,5434,1.0,21479.2695
2017-07-03,NASDAQ100_MINI,103912,65333,38579,-7413,5210,-12623,-1.0,5596.96
2017-07-03,SP500,99852,83660,16192,-664,-10046,9382,0.876,2425
2017-07-11,DOW_x5,78196,8584,69612,-3465,174,-3639,-1.0,21409.0703
2017-07-11,NASDAQ100_MINI,91265,60535,30730,-12647,-4798,-7849,-0.4499,5709.7998
2017-07-11,SP500,102280,83932,18348,2428,272,2156,0.7985,2424.5
2017-07-18,DOW_x5,78943,10906,68037,747,2322,-1575,-0.5132,21574.7305
2017-07-18,NASDAQ100_MINI,103022,64261,38761,11757,3726,8031,0.5187,5880.1001
2017-07-18,SP500,107255,85494,21761,4975,1562,3413,0.5221,2457.8
2017-07-25,DOW_x5,79850,9971,69879,907,-935,1842,1.0,21613.4297
2017-07-25,NASDAQ100_MINI,113307,60032,53275,10285,-4229,14514,1.0,5930.6499
2017-07-25,SP500,108045,84414,23631,790,-1080,1870,1.0,2474.1
2017-08-01,DOW_x5,83477,17484,65993,3627,7513,-3886,-0.3488,21963.9199
2017-08-01,NASDAQ100_MINI,113717,57930,55787,410,-2102,2512,1.0,5895.1699
2017-08-01,SP500,107220,91703,15517,-825,7289,-8114,-1.0,2472.3
2017-08-08,DOW_x5,90503,18370,72133,7026,886,6140,0.776,22085.3398
2017-08-08,NASDAQ100_MINI,106101,63103,42998,-7616,5173,-12789,-1.0,5926.3501
2017-08-08,SP500,108974,93712,15262,1754,2009,-255,-0.0678,2472.8
2017-08-15,DOW_x5,100850,13545,87305,10347,-4825,15172,1.0,21998.9902
2017-08-15,NASDAQ100_MINI,108186,61024,47162,2085,-2079,4164,1.0,5907.73
2017-08-15,RUSSELL2000_MINI,2292,4558,-2266,,,,,1383.24
2017-08-15,SP500,114947,86819,28128,5973,-6893,12866,1.0,2463.7
2017-08-22,DOW_x5,101156,8998,92158,306,-4547,4853,1.0,21899.8906
2017-08-22,NASDAQ100_MINI,103170,64107,39063,-5016,3083,-8099,-1.0,5873.3301
2017-08-22,RUSSELL2000_MINI,1871,2704,-833,-421,-1854,1433,0.6299,1371.54
2017-08-22,SP500,116091,91140,24951,1144,4321,-3177,-0.5813,2452.8
2017-08-29,DOW_x5,100509,13219,87290,-647,4221,-4868,-1.0,21865.3691
2017-08-29,NASDAQ100_MINI,106171,64008,42163,3001,-99,3100,1.0,5862.1401
2017-08-29,RUSSELL2000_MINI,2186,2107,79,315,-597,912,1.0,1383.6801
2017-08-29,SP500,123098,87107,35991,7007,-4033,11040,1.0,2447.1
2017-09-05,DOW_x5,92381,13410,78971,-8128,191,-8319,-1.0,21753.3105
2017-09-05,NASDAQ100_MINI,105827,61692,44135,-344,-2316,1972,0.7414,5932.73
2017-09-05,RUSSELL2000_MINI,2128,3632,-1504,-58,1525,-1583,-1.0,1399.66
2017-09-05,SP500,112112,84557,27555,-10986,-2550,-8436,-0.6232,2459.7
2017-09-12,DOW_x5,94623,11723,82900,2242,-1687,3929,1.0,22118.8594
2017-09-12,NASDAQ100_MINI,109352,61770,47582,3525,78,3447,0.9567,5995.6401
2017-09-12,RUSSELL2000_MINI,69281,30963,38318,67153,27331,39822,0.4215,1423.46
2017-09-12,SP500,121974,90204,31770,9862,5647,4215,0.2718,2495.9
2017-09-19,DOW_x5,99176,12437,86739,4553,714,3839,0.7289,22370.8008
2017-09-19,NASDAQ100_MINI,102806,64277,38529,-6546,2507,-9053,-1.0,5991.0801
2017-09-19,RUSSELL2000_MINI,137617,176388,-38771,68336,145425,-77089,-0.3606,1440.4
2017-09-19,SP500,117587,96450,21137,-4387,6246,-10633,-1.0,2504.7
2017-09-26,DOW_x5,106786,11065,95721,7610,-1372,8982,1.0,22284.3203
2017-09-26,NASDAQ100_MINI,98806,70533,28273,-4000,6256,-10256,-1.0,5881.3398
2017-09-26,RUSSELL2000_MINI,152150,173874,-21724,14533,-2514,17047,1.0,1456.86
2017-09-26,SP500,120340,95314,25026,2753,-1136,3889,1.0,2495.6
2017-10-03,DOW_x5,99803,13919,85884,-6983,2854,-9837,-1.0,22641.6699
2017-10-03,NASDAQ100_MINI,99074,69890,29184,268,-643,911,1.0,5995.0601
2017-10-03,RUSSELL2000_MINI,164177,166913,-2736,12027,-6961,18988,1.0,1511.97
2017-10-03,SP500,113544,93617,19927,-6796,-1697,-5099,-0.6004,2532.8
2017-10-10,DOW_x5,98596,16943,81653,-1207,3024,-4231,-1.0,22830.6797
2017-10-10,NASDAQ100_MINI,108796,78740,30056,9722,8850,872,0.047,6063.52
2017-10-10,RUSSELL2000_MINI,172853,156757,16096,8676,-10156,18832,1.0,1508.01
2017-10-10,SP500,115753,87772,27981,2209,-5845,8054,1.0,2548.5
2017-10-17,DOW_x5,95932,16164,79768,-2664,-779,-1885,-0.5475,22997.4395
2017-10-17,NASDAQ100_MINI,107701,78765,28936,-1095,25,-1120,-1.0,6122.6099
2017-10-17,RUSSELL2000_MINI,173967,147703,26264,1114,-9054,10168,1.0,1497.5
2017-10-17,SP500,116435,83715,32720,682,-4057,4739,1.0,2556.9
2017-10-24,DOW_x5,96627,16146,80481,695,-18,713,1.0,23441.7598
2017-10-24,NASDAQ100_MINI,108580,73153,35427,879,-5612,6491,1.0,6080.2202
2017-10-24,RUSSELL2000_MINI,161778,145213,16565,-12189,-2490,-9699,-0.6607,1500.42
2017-10-24,SP500,113763,87331,26432,-2672,3616,-6288,-1.0,2567.3
2017-10-31,DOW_x5,96882,15980,80902,255,-166,421,1.0,23377.2402
2017-10-31,NASDAQ100_MINI,106342,64333,42009,-2238,-8820,6582,0.5952,6248.5601
2017-10-31,RUSSELL2000_MINI,158723,148047,10676,-3055,2834,-5889,-1.0,1502.53
2017-10-31,SP500,114329,82311,32018,566,-5020,5586,1.0,2572.7
2017-11-07,DOW_x5,90298,14210,76088,-6584,-1770,-4814,-0.5763,23557.2305
2017-11-07,NASDAQ100_MINI,94009,65267,28742,-12333,934,-13267,-1.0,6320.7798
2017-11-07,RUSSELL2000_MINI,155287,151019,4268,-3436,2972,-6408,-1.0,1479.09
2017-11-07,SP500,118541,90839,27702,4212,8528,-4316,-0.3388,2586.8
2017-11-14,DOW_x5,90613,10313,80300,315,-3897,4212,1.0,23409.4707
2017-11-14,NASDAQ100_MINI,102157,74568,27589,8148,9301,-1153,-0.0661,6293.6401
2017-11-14,RUSSELL2000_MINI,153398,150145,3253,-1889,-874,-1015,-0.3674,1471.26
2017-11-14,SP500,121791,91423,30368,3250,584,2666,0.6954,2577.9
2017-11-21,DOW_x5,84419,12670,71749,-6194,2357,-8551,-1.0,23590.8301
2017-11-21,NASDAQ100_MINI,93056,77371,15685,-9101,2803,-11904,-1.0,6378.6299
2017-11-21,RUSSELL2000_MINI,149198,153199,-4001,-4200,3054,-7254,-1.0,1518.89
2017-11-21,SP500,116467,93947,22520,-5324,2524,-7848,-1.0,2596.3
2017-11-28,DOW_x5,79706,14762,64944,-4713,2092,-6805,-1.0,23836.7109
2017-11-28,NASDAQ100_MINI,91370,85759,5611,-1686,8388,-10074,-1.0,6422.5601
2017-11-28,RUSSELL2000_MINI,162898,155901,6997,13700,2702,10998,0.6705,1536.4301
2017-11-28,SP500,119507,96719,22788,3040,2772,268,0.0461,2626
2017-12-05,DOW_x5,86117,13966,72151,6411,-796,7207,1.0,24180.6406
2017-12-05,NASDAQ100_MINI,100335,94231,6104,8965,8472,493,0.0283,6265.1099
2017-12-05,RUSSELL2000_MINI,180577,138879,41698,17679,-17022,34701,1.0,1516.76
2017-12-05,SP500,124451,90050,34401,4944,-6669,11613,1.0,2628.3
2017-12-12,DOW_x5,84327,11616,72711,-1790,-2350,560,0.1353,24504.8008
2017-12-12,NASDAQ100_MINI,91772,85102,6670,-8563,-9129,566,0.032,6383.6499
2017-12-12,RUSSELL2000_MINI,179006,135789,43217,-1571,-3090,1519,0.3259,1516.12
2017-12-12,SP500,106901,88775,18126,-17550,-1275,-16275,-0.8645,2665.1
2017-12-19,DOW_x5,80820,11423,69397,-3507,-193,-3314,-0.8957,24754.75
2017-12-19,NASDAQ100_MINI,88370,84329,4041,-3402,-773,-2629,-0.6297,6480.6699
2017-12-19,RUSSELL2000_MINI,185563,132633,52930,6557,-3156,9713,1.0,1536.75
2017-12-19,SP500,106300,88136,18164,-601,-639,38,0.0306,2684.1
2017-12-26,DOW_x5,83230,11058,72172,2410,-365,2775,1.0,24746.2109
2017-12-26,NASDAQ100_MINI,90628,87757,2871,2258,3428,-1170,-0.2058,6433.1602
2017-12-26,RUSSELL2000_MINI,186254,133316,52938,691,683,8,0.0058,1544.23
2017-12-26,SP500,111036,87855,23181,4736,-281,5017,1.0,2687.1
2018-01-02,DOW_x5,86466,10944,75522,3236,-114,3350,1.0,24824.0098
2018-01-02,NASDAQ100_MINI,98370,80510,17860,7742,-7247,14989,1.0,6511.3398
2018-01-02,RUSSELL2000_MINI,184597,136179,48418,-1657,2863,-4520,-1.0,1550.01
2018-01-02,SP500,106861,73129,33732,-4175,-14726,10551,0.5582,2692.9
2018-01-09,DOW_x5,82257,15472,66785,-4209,4528,-8737,-1.0,25385.8008
2018-01-09,NASDAQ100_MINI,90650,74450,16200,-7720,-6060,-1660,-0.1205,6677.9399
2018-01-09,RUSSELL2000_MINI,175424,139335,36089,-9173,3156,-12329,-1.0,1560.1
2018-01-09,SP500,104609,91141,13468,-2252,18012,-20264,-1.0,2752.3
2018-01-16,DOW_x5,88100,18384,69716,5843,2912,2931,0.3348,25792.8594
2018-01-16,NASDAQ100_MINI,98125,72721,25404,7475,-1729,9204,1.0,6737.1401
2018-01-16,RUSSELL2000_MINI,174092,133943,40149,-1332,-5392,4060,0.6038,1572.97
2018-01-16,SP500,112167,88469,23698,7558,-2672,10230,1.0,2782.6
2018-01-23,DOW_x5,80323,18012,62311,-7777,-372,-7405,-0.9087,26210.8105
2018-01-23,NASDAQ100_MINI,87898,72912,14986,-10227,191,-10418,-1.0,6963.46
2018-01-23,RUSSELL2000_MINI,152999,116201,36798,-21093,-17742,-3351,-0.0863,1610.71
2018-01-23,SP500,122767,92787,29980,10600,4318,6282,0.4211,2839.6
2018-01-30,DOW_x5,81477,15348,66129,1154,-2664,3818,1.0,26076.8906
2018-01-30,NASDAQ100_MINI,93553,71182,22371,5655,-1730,7385,1.0,6930.73
2018-01-30,RUSSELL2000_MINI,159026,120438,38588,6027,4237,1790,0.1744,1582.8199
2018-01-30,SP500,125846,87550,38296,3079,-5237,8316,1.0,2824.5
2018-02-06,DOW_x5,65282,21077,44205,-16195,5729,-21924,-1.0,24912.7695
2018-02-06,NASDAQ100_MINI,83173,70681,12492,-10380,-501,-9879,-0.9079,6665.98
2018-02-06,RUSSELL2000_MINI,134725,120882,13843,-24301,444,-24745,-1.0,1507.17
2018-02-06,SP500,133168,96979,36189,7322,9429,-2107,-0.1258,2694.3
2018-02-13,DOW_x5,51387,30074,21313,-13895,8997,-22892,-1.0,24640.4492
2018-02-13,NASDAQ100_MINI,68408,78824,-10416,-14765,8143,-22908,-1.0,6553.8599
2018-02-13,RUSSELL2000_MINI,109501,118269,-8768,-25224,-2613,-22611,-0.8123,1494.95
2018-02-13,SP500,118641,94110,24531,-14527,-2869,-11658,-0.6702,2661.7
2018-02-20,DOW_x5,46500,27354,19146,-4887,-2720,-2167,-0.2849,24964.75
2018-02-20,NASDAQ100_MINI,62989,71282,-8293,-5419,-7542,2123,0.1638,6779.6899
2018-02-20,RUSSELL2000_MINI,102808,111474,-8666,-6693,-6795,102,0.0076,1529.99
2018-02-20,SP500,109413,97005,12408,-9228,2895,-12123,-1.0,2714.1
2018-02-27,DOW_x5,44005,21734,22271,-2495,-5620,3125,0.3851,25410.0293
2018-02-27,NASDAQ100_MINI,59089,56257,2832,-3900,-15025,11125,0.5878,6900.3501
2018-02-27,RUSSELL2000_MINI,108915,113735,-4820,6107,2261,3846,0.4596,1536.47
2018-02-27,SP500,108670,95319,13351,-743,-1686,943,0.3882,2747.5
2018-03-06,DOW_x5,47040,21626,25414,3035,-108,3143,1.0,24884.1191
2018-03-06,NASDAQ100_MINI,60004,54082,5922,915,-2175,3090,1.0,6913.02
2018-03-06,RUSSELL2000_MINI,105759,111653,-5894,-3156,-2082,-1074,-0.205,1562.2
2018-03-06,SP500,103420,91611,11809,-5250,-3708,-1542,-0.1721,2723.9
2018-03-13,DOW_x5,45798,23255,22543,-1242,1629,-2871,-1.0,25007.0293
2018-03-13,NASDAQ100_MINI,69588,50452,19136,9584,-3630,13214,1.0,7046.5098
2018-03-13,RUSSELL2000_MINI,120079,116420,3659,14320,4767,9553,0.5005,1592.05
2018-03-13,SP500,111244,97327,13917,7824,5716,2108,0.1557,2768.5
2018-03-20,DOW_x5,43405,16137,27268,-2393,-7118,4725,0.4968,24727.2695
2018-03-20,NASDAQ100_MINI,70401,58242,12159,813,7790,-6977,-0.811,6885.9199
2018-03-20,RUSSELL2000_MINI,126311,102245,24066,6232,-14175,20407,1.0,1570.41
2018-03-20,SP500,95478,76949,18529,-15766,-20378,4612,0.1276,2723.6
2018-03-27,DOW_x5,42207,15076,27131,-1198,-1061,-137,-0.0606,23857.7109
2018-03-27,NASDAQ100_MINI,74075,56503,17572,3674,-1739,5413,1.0,6529.8398
2018-03-27,RUSSELL2000_MINI,120325,95370,24955,-5986,-6875,889,0.0691,1513.5699
2018-03-27,SP500,111689,69265,42424,16211,-7684,23895,1.0,2615.7
2018-04-03,DOW_x5,37119,17557,19562,-5088,2481,-7569,-1.0,24033.3594
2018-04-03,NASDAQ100_MINI,76118,91910,-15792,2043,35407,-33364,-0.8909,6458.8301
2018-04-03,RUSSELL2000_MINI,108418,89822,18596,-11907,-5548,-6359,-0.3643,1512.15
2018-04-03,SP500,112247,69714,42533,558,449,109,0.1082,2613.2
2018-04-10,DOW_x5,33734,16299,17435,-3385,-1258,-2127,-0.4581,24408
2018-04-10,NASDAQ100_MINI,72863,79527,-6664,-3255,-12383,9128,0.5837,6615.8701
2018-04-10,RUSSELL2000_MINI,102016,91860,10156,-6402,2038,-8440,-1.0,1543.4301
2018-04-10,SP500,110325,66808,43517,-1922,-2906,984,0.2038,2655.1
2018-04-17,DOW_x5,34698,17441,17257,964,1142,-178,-0.0845,24786.6309
2018-04-17,NASDAQ100_MINI,65236,73120,-7884,-7627,-6407,-1220,-0.0869,6816.3701
2018-04-17,RUSSELL2000_MINI,107342,92021,15321,5326,161,5165,0.9413,1579.8
2018-04-17,SP500,109511,64568,44943,-814,-2240,1426,0.4669,2706.6
2018-04-24,DOW_x5,30286,30524,-238,-4412,13083,-17495,-1.0,24024.1309
2018-04-24,NASDAQ100_MINI,57007,81714,-24707,-8229,8594,-16823,-1.0,6509.0498
2018-04-24,RUSSELL2000_MINI,113799,93694,20105,6457,1673,4784,0.5884,1553.28
2018-04-24,SP500,115381,68905,46476,5870,4337,1533,0.1502,2635.3
2018-05-01,DOW_x5,32369,30006,2363,2083,-518,2601,1.0,24099.0508
2018-05-01,NASDAQ100_MINI,64844,78712,-13868,7837,-3002,10839,1.0,6681.96
2018-05-01,RUSSELL2000_MINI,120348,96405,23943,6549,2711,3838,0.4145,1550.33
2018-05-01,SP500,115207,68775,46432,-174,-130,-44,-0.1447,2652.2
2018-05-08,DOW_x5,33551,30882,2669,1182,876,306,0.1487,24360.2109
2018-05-08,NASDAQ100_MINI,61969,68582,-6613,-2875,-10130,7255,0.5579,6815.48
2018-05-08,RUSSELL2000_MINI,127823,90798,37025,7475,-5607,13082,1.0,1586.39
2018-05-08,SP500,104503,70846,33657,-10704,2071,-12775,-1.0,2670.3
2018-05-15,DOW_x5,32222,22098,10124,-1329,-8784,7455,0.7372,24706.4102
2018-05-15,NASDAQ100_MINI,70456,70494,-38,8487,1912,6575,0.6323,6888.54
2018-05-15,RUSSELL2000_MINI,142876,91289,51587,15053,491,14562,0.9368,1600.34
2018-05-15,SP500,104912,62727,42185,409,-8119,8528,1.0,2709
2018-05-22,DOW_x5,31968,17730,14238,-254,-4368,4114,0.8901,24834.4102
2018-05-22,NASDAQ100_MINI,62346,66056,-3710,-8110,-4438,-3672,-0.2926,6893.6201
2018-05-22,RUSSELL2000_MINI,158208,94443,63765,15332,3154,12178,0.6588,1625.24
2018-05-22,SP500,101720,62576,39144,-3192,-151,-3041,-0.9097,2726.1
2018-05-29,DOW_x5,32323,19277,13046,355,1547,-1192,-0.6267,24361.4492
2018-05-29,NASDAQ100_MINI,68787,62416,6371,6441,-3640,10081,1.0,6926.54
2018-05-29,RUSSELL2000_MINI,165886,93286,72600,7678,-1157,8835,1.0,1623.65
2018-05-29,SP500,99316,70677,28639,-2404,8101,-10505,-1.0,2692.2
2018-06-05,DOW_x5,32690,15046,17644,367,-4231,4598,1.0,24799.9805
2018-06-05,NASDAQ100_MINI,71722,60608,11114,2935,-1808,4743,1.0,7166.75
2018-06-05,RUSSELL2000_MINI,164971,95580,69391,-915,2294,-3209,-1.0,1664.63
2018-06-05,SP500,106347,64213,42134,7031,-6464,13495,1.0,2751.6
2018-06-12,DOW_x5,35069,10993,24076,2379,-4053,6432,1.0,25320.7305
2018-06-12,NASDAQ100_MINI,66882,58469,8413,-4840,-2139,-2701,-0.387,7209.1802
2018-06-12,RUSSELL2000_MINI,165866,97259,68607,895,1679,-784,-0.3046,1682.3
2018-06-12,SP500,110693,65988,44705,4346,1775,2571,0.42,2783.9
2018-06-19,DOW_x5,32379,19015,13364,-2690,8022,-10712,-1.0,24700.2109
2018-06-19,NASDAQ100_MINI,76321,53531,22790,9439,-4938,14377,1.0,7228.04
2018-06-19,RUSSELL2000_MINI,162416,94933,67483,-3450,-2326,-1124,-0.1946,1693.45
2018-06-19,SP500,109423,68707,40716,-1270,2719,-3989,-1.0,2766.2
2018-06-26,DOW_x5,30795,23594,7201,-1584,4579,-6163,-1.0,24283.1094
2018-06-26,NASDAQ100_MINI,78694,65165,13529,2373,11634,-9261,-0.6612,7068.2002
2018-06-26,RUSSELL2000_MINI,163033,100943,62090,617,6010,-5393,-0.8138,1668.53
2018-06-26,SP500,117470,75472,41998,8047,6765,1282,0.0866,2728.5
2018-07-03,DOW_x5,29731,18033,11698,-1064,-5561,4497,0.6788,24174.8203
2018-07-03,NASDAQ100_MINI,90720,74568,16152,12026,9403,2623,0.1224,7014.5498
2018-07-03,RUSSELL2000_MINI,157784,107057,50727,-5249,6114,-11363,-1.0,1660.42
2018-07-03,SP500,110650,73386,37264,-6820,-2086,-4734,-0.5316,2713.3
2018-07-10,DOW_x5,30745,14835,15910,1014,-3198,4212,1.0,24919.6602
2018-07-10,NASDAQ100_MINI,97219,75615,21604,6499,1047,5452,0.7225,7282.6001
2018-07-10,RUSSELL2000_MINI,157902,113131,44771,118,6074,-5956,-0.9619,1695.62
2018-07-10,SP500,111163,72581,38582,513,-805,1318,1.0,2796.7
2018-07-24,DOW_x5,37542,16164,21378,6797,1329,5468,0.6729,25241.9395
2018-07-24,NASDAQ100_MINI,89117,56244,32873,-8102,-19371,11269,0.4102,7406.25
2018-07-24,RUSSELL2000_MINI,145052,119233,25819,-12850,6102,-18952,-1.0,1680.2
2018-07-24,SP500,110228,70292,39936,-935,-2289,1354,0.42,2821
2018-07-31,DOW_x5,40767,15400,25367,3225,-764,3989,1.0,25415.1895
2018-07-31,NASDAQ100_MINI,93867,50643,43224,4750,-5601,10351,1.0,7231.98
2018-07-31,RUSSELL2000_MINI,145800,112993,32807,748,-6240,6988,1.0,1670.8
2018-07-31,SP500,108399,72043,36356,-1829,1751,-3580,-1.0,2817.1
2018-08-07,DOW_x5,45927,16151,29776,5160,751,4409,0.7459,25628.9102
2018-08-07,NASDAQ100_MINI,90075,53402,36673,-3792,2759,-6551,-1.0,7462.6499
2018-08-07,RUSSELL2000_MINI,142279,129068,13211,-3521,16075,-19596,-1.0,1688.3
2018-08-07,SP500,109633,73229,36404,1234,1186,48,0.0198,2859.7
2018-08-14,DOW_x5,43197,16971,26226,-2730,820,-3550,-1.0,25299.9199
2018-08-14,NASDAQ100_MINI,85531,48062,37469,-4544,-5340,796,0.0805,7447.1699
2018-08-14,RUSSELL2000_MINI,142818,128598,14220,539,-470,1009,1.0,1692.58
2018-08-14,SP500,109110,70085,39025,-523,-3144,2621,0.7148,2841
2018-08-21,DOW_x5,46011,17838,28173,2814,867,1947,0.5289,25822.2891
2018-08-21,NASDAQ100_MINI,81802,50728,31074,-3729,2666,-6395,-1.0,7397.23
2018-08-21,RUSSELL2000_MINI,148027,144348,3679,5209,15750,-10541,-0.5029,1718.05
2018-08-21,SP500,104801,78574,26227,-4309,8489,-12798,-1.0,2861.7
2018-08-28,DOW_x5,49898,18085,31813,3887,247,3640,0.8805,26064.0195
2018-08-28,NASDAQ100_MINI,89926,52510,37416,8124,1782,6342,0.6402,7570.25
2018-08-28,RUSSELL2000_MINI,150759,144980,5779,2732,632,2100,0.6243,1728.42
2018-08-28,SP500,109212,76945,32267,4411,-1629,6040,1.0,2899.3
2018-09-04,DOW_x5,51965,15883,36082,2067,-2202,4269,1.0,25952.4805
2018-09-04,NASDAQ100_MINI,97658,53040,44618,7732,530,7202,0.8717,7622.3198
2018-09-04,RUSSELL2000_MINI,155234,146862,8372,4475,1882,2593,0.4079,1733.38
2018-09-04,SP500,109088,74611,34477,-124,-2334,2210,0.8991,2898.3
2018-09-11,DOW_x5,53813,15207,38606,1848,-676,2524,1.0,25971.0605
2018-09-11,NASDAQ100_MINI,87386,52691,34695,-10272,-349,-9923,-0.9343,7507.8701
2018-09-11,RUSSELL2000_MINI,150289,149093,1196,-4945,2231,-7176,-1.0,1718.4
2018-09-11,SP500,105418,79502,25916,-3670,4891,-8561,-1.0,2889.8
2018-09-18,DOW_x5,54180,12930,41250,367,-2277,2644,1.0,26246.9609
2018-09-18,NASDAQ100_MINI,81191,51861,29330,-6195,-830,-5365,-0.7637,7494.3999
2018-09-18,RUSSELL2000_MINI,155172,154172,1000,4883,5079,-196,-0.0197,1710.97
2018-09-18,SP500,105610,75488,30122,192,-4014,4206,1.0,2906.5
2018-09-25,DOW_x5,61842,11782,50060,7662,-1148,8810,1.0,26492.2109
2018-09-25,NASDAQ100_MINI,86852,50561,36291,5661,-1300,6961,1.0,7563.1899
2018-09-25,RUSSELL2000_MINI,147387,165326,-17939,-7785,11154,-18939,-1.0,1708.8101
2018-09-25,SP500,102290,62633,39657,-3320,-12855,9535,0.5895,2921.3
2018-10-02,DOW_x5,66739,11969,54770,4897,187,4710,0.9264,26773.9395
2018-10-02,NASDAQ100_MINI,92866,56639,36227,6014,6078,-64,-0.0053,7628.2798
2018-10-02,RUSSELL2000_MINI,139513,177449,-37936,-7874,12123,-19997,-1.0,1656.04
2018-10-02,SP500,106683,59448,47235,4393,-3185,7578,1.0,2928.5
2018-10-09,DOW_x5,56967,11866,45101,-9772,-103,-9669,-0.9791,26430.5703
2018-10-09,NASDAQ100_MINI,76173,64860,11313,-16693,8221,-24914,-1.0,7371.6201
2018-10-09,RUSSELL2000_MINI,121079,169079,-48000,-18434,-8370,-10064,-0.3755,1621.87
2018-10-09,SP500,113016,59204,53812,6333,-244,6577,1.0,2888.2
2018-10-16,DOW_x5,40675,14319,26356,-16292,2453,-18745,-1.0,25798.4199
2018-10-16,NASDAQ100_MINI,61453,61081,372,-14720,-3779,-10941,-0.5914,7276.4302
2018-10-16,RUSSELL2000_MINI,81371,159714,-78343,-39708,-9365,-30343,-0.6183,1596.84
2018-10-16,SP500,103949,59744,44205,-9067,540,-9607,-1.0,2817.8
2018-10-23,DOW_x5,39783,15439,24344,-892,1120,-2012,-1.0,25191.4297
2018-10-23,NASDAQ100_MINI,70735,61453,9282,9282,372,8910,0.9229,7118.6699
2018-10-23,RUSSELL2000_MINI,76442,158140,-81698,-4929,-1574,-3355,-0.5159,1526.59
2018-10-23,SP500,107270,58753,48517,3321,-991,4312,1.0,2746.2
2018-10-30,DOW_x5,35929,17379,18550,-3854,1940,-5794,-1.0,24874.6406
2018-10-30,NASDAQ100_MINI,61068,50820,10248,-9667,-10633,966,0.0476,6810.1201
2018-10-30,RUSSELL2000_MINI,79340,112375,-33035,2898,-45765,48663,1.0,1506.64
2018-10-30,SP500,112379,56965,55414,5109,-1788,6897,1.0,2685.3
2018-11-06,DOW_x5,36276,14241,22035,347,-3138,3485,1.0,25635.0098
2018-11-06,NASDAQ100_MINI,52664,53256,-592,-8404,2436,-10840,-1.0,6988.8501
2018-11-06,RUSSELL2000_MINI,69420,116363,-46943,-9920,3988,-13908,-1.0,1556.1
2018-11-06,SP500,96904,55204,41700,-15475,-1761,-13714,-0.7957,2759
2018-11-13,DOW_x5,37518,7713,29805,1242,-6528,7770,1.0,25286.4902
2018-11-13,NASDAQ100_MINI,44843,50245,-5402,-7821,-3011,-4810,-0.4441,6830.9102
2018-11-13,RUSSELL2000_MINI,67894,100532,-32638,-1526,-15831,14305,0.8242,1514.8
2018-11-13,SP500,98843,56358,42485,1939,1154,785,0.2538,2727.6
2018-11-20,DOW_x5,26426,7726,18700,-11092,13,-11105,-1.0,24465.6406
2018-11-20,NASDAQ100_MINI,50248,45777,4471,5405,-4468,9873,1.0,6526.96
2018-11-20,RUSSELL2000_MINI,70280,98451,-28171,2386,-2081,4467,1.0,1469.01
2018-11-20,SP500,103368,54411,48957,4525,-1947,6472,1.0,2639.9
2018-11-27,DOW_x5,27286,7225,20061,860,-501,1361,1.0,24748.7305
2018-11-27,NASDAQ100_MINI,56622,42895,13727,6374,-2882,9256,1.0,6701.04
2018-11-27,RUSSELL2000_MINI,74799,99139,-24340,4519,688,3831,0.7357,1492.86
2018-11-27,SP500,97227,53045,44182,-6141,-1366,-4775,-0.6361,2683.5
2018-12-04,DOW_x5,30980,6669,24311,3694,-556,4250,1.0,25027.0703
2018-12-04,NASDAQ100_MINI,40593,50917,-10324,-16029,8022,-24051,-1.0,6795.21
2018-12-04,RUSSELL2000_MINI,68328,103604,-35276,-6471,4465,-10936,-1.0,1480.75
2018-12-04,SP500,85683,60262,25421,-11544,7217,-18761,-1.0,2701.7
2018-12-11,DOW_x5,29003,6832,22171,-1977,163,-2140,-1.0,24370.2402
2018-12-11,NASDAQ100_MINI,49199,52243,-3044,8606,1326,7280,0.733,6704.2402
2018-12-11,RUSSELL2000_MINI,73313,95171,-21858,4985,-8433,13418,1.0,1440.13
2018-12-11,SP500,90457,51467,38990,4774,-8795,13569,1.0,2641.2
2018-12-18,DOW_x5,32384,9007,23377,3381,2175,1206,0.2171,23675.6406
2018-12-18,NASDAQ100_MINI,53350,49858,3492,4151,-2385,6536,1.0,6491.52
2018-12-18,RUSSELL2000_MINI,77530,98398,-20868,4217,3227,990,0.133,1377.1801
2018-12-18,SP500,97530,50754,46776,7073,-713,7786,1.0,2535.8
2018-12-24,DOW_x5,42641,7870,34771,10257,-1137,11394,1.0,21792.1992
2018-12-24,NASDAQ100_MINI,52264,41482,10782,-1086,-8376,7290,0.7705,5899.3501
2018-12-24,RUSSELL2000_MINI,89237,92427,-3190,11707,-5971,17678,1.0,1266.92
2018-12-24,SP500,93092,55680,37412,-4438,4926,-9364,-1.0,2341.7
2018-12-31,DOW_x5,34990,7576,27414,-7651,-294,-7357,-0.926,23327.4609
2018-12-31,NASDAQ100_MINI,36635,45427,-8792,-15629,3945,-19574,-1.0,6329.9702
2018-12-31,RUSSELL2000_MINI,79796,99394,-19598,-9441,6967,-16408,-1.0,1348.5601
2018-12-31,SP500,82493,48426,34067,-10599,-7254,-3345,-0.1874,2505.2
2019-01-08,DOW_x5,33752,8685,25067,-1238,1109,-2347,-1.0,23787.4492
2019-01-08,NASDAQ100_MINI,36954,43000,-6046,319,-2427,2746,1.0,6551.8501
2019-01-08,RUSSELL2000_MINI,74564,108397,-33833,-5232,9003,-14235,-1.0,1426.55
2019-01-08,SP500,77947,47840,30107,-4546,-586,-3960,-0.7716,2572.4
2019-01-15,DOW_x5,34544,12341,22203,792,3656,-2864,-0.6439,24065.5898
2019-01-15,NASDAQ100_MINI,35340,50051,-14711,-1614,7051,-8665,-1.0,6669.6401
2019-01-15,RUSSELL2000_MINI,78323,113156,-34833,3759,4759,-1000,-0.1174,1445.22
2019-01-15,SP500,77083,58845,18238,-864,11005,-11869,-1.0,2605.4
2019-01-22,DOW_x5,34186,15421,18765,-358,3080,-3438,-1.0,24404.4805
2019-01-22,NASDAQ100_MINI,37953,52154,-14201,2613,2103,510,0.1081,6646.8101
2019-01-22,RUSSELL2000_MINI,81498,109945,-28447,3175,-3211,6386,1.0,1457.45
2019-01-22,SP500,74669,64229,10440,-2414,5384,-7798,-1.0,2631.9
2019-01-29,DOW_x5,31816,18033,13783,-2370,2612,-4982,-1.0,24579.9609
2019-01-29,NASDAQ100_MINI,37629,56139,-18510,-324,3985,-4309,-1.0,6632.79
2019-01-29,RUSSELL2000_MINI,84068,109167,-25099,2570,-778,3348,1.0,1471.45
2019-01-29,SP500,75192,68555,6637,523,4326,-3803,-0.7843,2640.3
2019-02-05,DOW_x5,31783,24980,6803,-33,6947,-6980,-1.0,25411.5195
2019-02-05,NASDAQ100_MINI,37302,60814,-23512,-327,4675,-5002,-1.0,7023.52
2019-02-05,RUSSELL2000_MINI,82272,120477,-38205,-1796,11310,-13106,-1.0,1520.23
2019-02-05,SP500,66660,82883,-16223,-8532,14328,-22860,-1.0,2731.1
2019-02-12,DOW_x5,33179,21086,12093,1396,-3894,5290,1.0,25425.7598
2019-02-12,NASDAQ100_MINI,37537,64330,-26793,235,3516,-3281,-0.8747,7014.6699
2019-02-12,RUSSELL2000_MINI,82143,115684,-33541,-129,-4793,4664,0.9476,1538.23
2019-02-12,SP500,66222,81070,-14848,-438,-1813,1375,0.6108,2744.8
2019-02-19,DOW_x5,33560,17980,15580,381,-3106,3487,1.0,25891.3203
2019-02-19,NASDAQ100_MINI,41617,67340,-25723,4080,3010,1070,0.1509,7066.6099
2019-02-19,RUSSELL2000_MINI,87268,111278,-24010,5125,-4406,9531,1.0,1574.47
2019-02-19,SP500,64215,81107,-16892,-2007,37,-2044,-1.0,2778.7
2019-02-26,DOW_x5,37259,16227,21032,3699,-1753,5452,1.0,26057.9805
2019-02-26,NASDAQ100_MINI,47924,67374,-19450,6307,34,6273,0.9893,7123.2202
2019-02-26,RUSSELL2000_MINI,103263,105617,-2354,15995,-5661,21656,1.0,1577.48
2019-02-26,SP500,68637,77097,-8460,4422,-4010,8432,1.0,2791.5
2019-03-05,DOW_x5,39601,19137,20464,2342,2910,-568,-0.1081,25806.6309
2019-03-05,NASDAQ100_MINI,46741,67954,-21213,-1183,580,-1763,-1.0,7156.79
2019-03-05,RUSSELL2000_MINI,107799,102890,4909,4536,-2727,7263,1.0,1568.28
2019-03-05,SP500,65931,79808,-13877,-2706,2711,-5417,-1.0,2791.5
2019-03-12,DOW_x5,37121,14429,22692,-2480,-4708,2228,0.31,25554.6602
2019-03-12,NASDAQ100_MINI,55478,69130,-13652,8737,1176,7561,0.7627,7201.2798
2019-03-12,RUSSELL2000_MINI,105933,100482,5451,-1866,-2408,542,0.1268,1549.83
2019-03-12,SP500,68217,76034,-7817,2286,-3774,6060,1.0,2792.1
2019-03-19,DOW_x5,39871,20698,19173,2750,6269,-3519,-0.3902,25887.3809
2019-03-19,NASDAQ100_MINI,62737,60482,2255,7259,-8648,15907,1.0,7349.2798
2019-03-19,RUSSELL2000_MINI,104539,94687,9852,-1394,-5795,4401,0.6122,1554.99
2019-03-19,SP500,67024,72507,-5483,-1193,-3527,2334,0.4945,2836.5
2019-03-26,DOW_x5,36851,10645,26206,-3020,-10053,7033,0.538,25657.7305
2019-03-26,NASDAQ100_MINI,61113,53498,7615,-1624,-6984,5360,0.6227,7351.1499
2019-03-26,RUSSELL2000_MINI,97923,97364,559,-6616,2677,-9293,-1.0,1528.17
2019-03-26,SP500,72849,64143,8706,5825,-8364,14189,1.0,2823
2019-04-02,DOW_x5,35044,10510,24534,-1807,-135,-1672,-0.861,26179.1309
2019-04-02,NASDAQ100_MINI,61547,54406,7141,434,908,-474,-0.3532,7499.6401
2019-04-02,RUSSELL2000_MINI,84022,93329,-9307,-13901,-4035,-9866,-0.5501,1553.3199
2019-04-02,SP500,74043,71488,2555,1194,7345,-6151,-0.7203,2867.1
2019-04-09,DOW_x5,37291,10170,27121,2247,-340,2587,1.0,26150.5801
2019-04-09,NASDAQ100_MINI,61935,54541,7394,388,135,253,0.4837,7568.4902
2019-04-09,RUSSELL2000_MINI,84976,95417,-10441,954,2088,-1134,-0.3728,1559.6801
2019-04-09,SP500,75554,72863,2691,1511,1375,136,0.0471,2882.6
2019-04-16,DOW_x5,36539,9080,27459,-752,-1090,338,0.1835,26452.6602
2019-04-16,NASDAQ100_MINI,58971,67493,-8522,-2964,12952,-15916,-1.0,7654.73
2019-04-16,RUSSELL2000_MINI,80774,97596,-16822,-4202,2179,-6381,-1.0,1582.79
2019-04-16,SP500,81063,73673,7390,5509,810,4699,0.7436,2911.4
2019-04-23,DOW_x5,34108,9443,24665,-2431,363,-2794,-1.0,26656.3906
2019-04-23,NASDAQ100_MINI,62767,68807,-6040,3796,1314,2482,0.4857,7810.71
2019-04-23,RUSSELL2000_MINI,74973,93867,-18894,-5801,-3729,-2072,-0.2174,1585.09
2019-04-23,SP500,81479,75909,5570,416,2236,-1820,-0.6863,2938.1
2019-04-30,DOW_x5,35476,11259,24217,1368,1816,-448,-0.1407,26592.9102
2019-04-30,NASDAQ100_MINI,65137,67545,-2408,2370,-1262,3632,1.0,7781.46
2019-04-30,RUSSELL2000_MINI,77048,93850,-16802,2075,-17,2092,1.0,1591.21
2019-04-30,SP500,81808,68310,13498,329,-7599,7928,1.0,2948.5
2019-05-07,DOW_x5,41659,10959,30700,6183,-300,6483,1.0,25965.0898
2019-05-07,NASDAQ100_MINI,56387,65733,-9346,-8750,-1812,-6938,-0.6569,7640.1499
2019-05-07,RUSSELL2000_MINI,85748,95262,-9514,8700,1412,7288,0.7207,1582.3101
2019-05-07,SP500,80318,63274,17044,-1490,-5036,3546,0.5434,2890.8
2019-05-14,DOW_x5,40170,17810,22360,-1489,6851,-8340,-1.0,25532.0508
2019-05-14,NASDAQ100_MINI,58313,46831,11482,1926,-18902,20828,1.0,7401.8799
2019-05-14,RUSSELL2000_MINI,79738,88162,-8424,-6010,-7100,1090,0.0831,1543.0601
2019-05-14,SP500,83665,66175,17490,3347,2901,446,0.0714,2839.2
2019-05-21,DOW_x5,33897,16790,17107,-6273,-1020,-5253,-0.7203,25877.3301
2019-05-21,NASDAQ100_MINI,63912,50950,12962,5599,4119,1480,0.1523,7451.02
2019-05-21,RUSSELL2000_MINI,75765,90465,-14700,-3973,2303,-6276,-1.0,1545.25
2019-05-21,SP500,83278,66134,17144,-387,-41,-346,-0.8084,2866.1
2019-05-28,DOW_x5,25547,16921,8626,-8350,131,-8481,-1.0,25347.7695
2019-05-28,NASDAQ100_MINI,69512,51791,17721,5600,841,4759,0.7389,7278.3799
2019-05-28,RUSSELL2000_MINI,72603,88961,-16358,-3162,-1504,-1658,-0.3553,1504.02
2019-05-28,SP500,82860,67715,15145,-418,1581,-1999,-1.0,2805.1
2019-06-04,DOW_x5,19944,17813,2131,-5603,892,-6495,-1.0,25332.1797
2019-06-04,NASDAQ100_MINI,61407,57198,4209,-8105,5407,-13512,-1.0,7166.75
2019-06-04,RUSSELL2000_MINI,58470,87320,-28850,-14133,-1641,-12492,-0.7919,1508.5601
2019-06-04,SP500,88943,71421,17522,6083,3706,2377,0.2428,2804.9
2019-06-11,DOW_x5,20221,13968,6253,277,-3845,4122,1.0,26048.5098
2019-06-11,NASDAQ100_MINI,69109,57546,11563,7702,348,7354,0.9135,7513.8501
2019-06-11,RUSSELL2000_MINI,51828,93636,-41808,-6642,6316,-12958,-1.0,1519.11
2019-06-11,SP500,85663,74112,11551,-3280,2691,-5971,-1.0,2886.9
2019-06-18,DOW_x5,28803,12264,16539,8582,-1704,10286,1.0,26465.5391
2019-06-18,NASDAQ100_MINI,75025,53551,21474,5916,-3995,9911,1.0,7635.3999
2019-06-18,RUSSELL2000_MINI,48542,97576,-49034,-3286,3940,-7226,-1.0,1550.23
2019-06-18,SP500,87078,76203,10875,1415,2091,-676,-0.1928,2921.7
2019-06-25,DOW_x5,45581,9117,36464,16778,-3147,19925,1.0,26548.2207
2019-06-25,NASDAQ100_MINI,77660,55090,22570,2635,1539,1096,0.2626,7591.54
2019-06-25,RUSSELL2000_MINI,48170,111949,-63779,-372,14373,-14745,-1.0,1521.04
2019-06-25,SP500,81226,60896,20330,-5852,-15307,9455,0.4469,2922.1
2019-07-02,DOW_x5,45846,7445,38401,265,-1672,1937,1.0,26786.6797
2019-07-02,NASDAQ100_MINI,70352,45750,24602,-7308,-9340,2032,0.1221,7799.8198
2019-07-02,RUSSELL2000_MINI,48499,123341,-74842,329,11392,-11063,-0.9439,1560.54
2019-07-02,SP500,75330,64223,11107,-5896,3327,-9223,-1.0,2979.6
2019-07-09,DOW_x5,41869,9151,32718,-3977,1706,-5683,-1.0,26783.4902
2019-07-09,NASDAQ100_MINI,62974,45043,17931,-7378,-707,-6671,-0.8251,7826.8599
2019-07-09,RUSSELL2000_MINI,50291,130901,-80610,1792,7560,-5768,-0.6168,1562.59
2019-07-09,SP500,71883,67379,4504,-3447,3156,-6603,-1.0,2982.1
2019-07-16,DOW_x5,55278,10218,45060,13409,1067,12342,0.8526,27335.6309
2019-07-16,NASDAQ100_MINI,74893,49416,25477,11919,4373,7546,0.4632,7927.0801
2019-07-16,RUSSELL2000_MINI,49403,138140,-88737,-888,7239,-8127,-1.0,1562
2019-07-16,SP500,75401,68385,7016,3518,1006,2512,0.5553,3007
2019-07-23,DOW_x5,52742,8300,44442,-2536,-1918,-618,-0.1388,27349.1895
2019-07-23,NASDAQ100_MINI,71490,48156,23334,-3403,-1260,-2143,-0.4596,7954.5601
2019-07-23,RUSSELL2000_MINI,58031,145022,-86991,8628,6882,1746,0.1126,1554.96
2019-07-23,SP500,73978,63367,10611,-1423,-5018,3595,0.5581,3008
2019-07-30,DOW_x5,55376,8817,46559,2634,517,2117,0.6719,27198.0195
2019-07-30,NASDAQ100_MINI,75469,50496,24973,3979,2340,1639,0.2594,7952.4702
2019-07-30,RUSSELL2000_MINI,60485,140880,-80395,2454,-4142,6596,1.0,1585.6
2019-07-30,SP500,74104,62090,12014,126,-1277,1403,1.0,3012.3
2019-08-06,DOW_x5,58041,6620,51421,2665,-2197,4862,1.0,26029.5195
2019-08-06,NASDAQ100_MINI,83876,44837,39039,8407,-5659,14066,1.0,7521.3198
2019-08-06,RUSSELL2000_MINI,57273,136693,-79420,-3212,-4187,975,0.1318,1502.09
2019-08-06,SP500,76363,61454,14909,2259,-636,2895,1.0,2876
2019-08-13,DOW_x5,50049,6448,43601,-7992,-172,-7820,-0.9579,26279.9102
2019-08-13,NASDAQ100_MINI,74152,49957,24195,-9724,5120,-14844,-1.0,7728.1499
2019-08-13,RUSSELL2000_MINI,57448,124376,-66928,175,-12317,12492,1.0,1510.58
2019-08-13,SP500,67423,67233,190,-8940,5779,-14719,-1.0,2932
2019-08-20,DOW_x5,42226,5593,36633,-7823,-855,-6968,-0.8029,25962.4395
2019-08-20,NASDAQ100_MINI,72429,48852,23577,-1723,-1105,-618,-0.2185,7664.4702
2019-08-20,RUSSELL2000_MINI,62473,125995,-63522,5025,1619,3406,0.5126,1498.01
2019-08-20,SP500,70679,60823,9856,3256,-6410,9666,1.0,2898.2
2019-08-27,DOW_x5,40980,5833,35147,-1246,240,-1486,-1.0,25777.9004
2019-08-27,NASDAQ100_MINI,70389,47505,22884,-2040,-1347,-693,-0.2046,7566.0298
2019-08-27,RUSSELL2000_MINI,67465,126805,-59340,4992,810,4182,0.7208,1456.04
2019-08-27,SP500,73338,62547,10791,2659,1724,935,0.2133,2865.4
2019-09-03,DOW_x5,42591,4922,37669,1611,-911,2522,1.0,26118.0195
2019-09-03,NASDAQ100_MINI,71410,46956,24454,1021,-549,1570,1.0,7609.5098
2019-09-03,RUSSELL2000_MINI,68723,127655,-58932,1258,850,408,0.1935,1472.28
2019-09-03,SP500,66895,67597,-702,-6443,5050,-11493,-1.0,2905.9
2019-09-10,DOW_x5,47732,7810,39922,5141,2888,2253,0.2806,26909.4297
2019-09-10,NASDAQ100_MINI,72306,45409,26897,896,-1547,2443,1.0,7814.7402
2019-09-10,RUSSELL2000_MINI,68102,118350,-50248,-621,-9305,8684,0.8749,1541.61
2019-09-10,SP500,68993,72673,-3680,2098,5076,-2978,-0.4151,2978.5
2019-09-17,DOW_x5,50460,6651,43809,2728,-1159,3887,1.0,27110.8008
2019-09-17,NASDAQ100_MINI,81492,46699,34793,9186,1290,7896,0.7537,7888.79
2019-09-17,RUSSELL2000_MINI,90012,114835,-24823,21910,-3515,25425,1.0,1578.29
2019-09-17,SP500,72289,74631,-2342,3296,1958,1338,0.2547,3005.4
2019-09-24,DOW_x5,53969,7631,46338,3509,980,2529,0.5634,26807.7695
2019-09-24,NASDAQ100_MINI,69740,55961,13779,-11752,9262,-21014,-1.0,7710.04
2019-09-24,RUSSELL2000_MINI,91662,122977,-31315,1650,8142,-6492,-0.663,1533.59
2019-09-24,SP500,67415,64502,2913,-4874,-10129,5255,0.3503,2970.2
2019-10-01,DOW_x5,54007,8123,45884,38,492,-454,-0.8566,26573.0391
2019-10-01,NASDAQ100_MINI,75051,48279,26772,5311,-7682,12993,1.0,7684.1401
2019-10-01,RUSSELL2000_MINI,88956,112395,-23439,-2706,-10582,7876,0.5927,1493.4301
2019-10-01,SP500,64259,63298,961,-3156,-1204,-1952,-0.4477,2937.8
2019-10-08,DOW_x5,43552,5728,37824,-10455,-2395,-8060,-0.6272,26164.0391
2019-10-08,NASDAQ100_MINI,66677,48618,18059,-8374,339,-8713,-1.0,7604.27
2019-10-08,RUSSELL2000_MINI,78785,120154,-41369,-10171,7759,-17930,-1.0,1472.6
2019-10-08,SP500,70085,61135,8950,5826,-2163,7989,1.0,2892.6
2019-10-15,DOW_x5,46407,7891,38516,2855,2163,692,0.1379,27024.8008
2019-10-15,NASDAQ100_MINI,83912,51510,32402,17235,2892,14343,0.7126,7942.8501
2019-10-15,RUSSELL2000_MINI,86984,121244,-34260,8199,1090,7109,0.7653,1523.3
2019-10-15,SP500,72786,69164,3622,2701,8029,-5328,-0.4966,2997.7
2019-10-22,DOW_x5,48279,8470,39809,1872,579,1293,0.5275,26788.0996
2019-10-22,NASDAQ100_MINI,83919,52831,31088,7,1321,-1314,-0.9895,7874.6201
2019-10-22,RUSSELL2000_MINI,91095,118202,-27107,4111,-3042,7153,1.0,1550.87
2019-10-22,SP500,75352,69113,6239,2566,-51,2617,1.0,2994.5
2019-10-29,DOW_x5,50413,10055,40358,2134,1585,549,0.1476,27071.4609
2019-10-29,NASDAQ100_MINI,95765,55336,40429,11846,2505,9341,0.6509,8047.5098
2019-10-29,RUSSELL2000_MINI,97272,112970,-15698,6177,-5232,11409,1.0,1577.0699
2019-10-29,SP500,78900,71835,7065,3548,2722,826,0.1317,3035.7
2019-11-05,DOW_x5,50749,11662,39087,336,1607,-1271,-0.6541,27492.6309
2019-11-05,NASDAQ100_MINI,92311,51143,41168,-3454,-4193,739,0.0966,8210.1797
2019-11-05,RUSSELL2000_MINI,101601,112687,-11086,4329,-283,4612,1.0,1599.61
2019-11-05,SP500,77928,74929,2999,-972,3094,-4066,-1.0,3071.9
2019-11-12,DOW_x5,47497,9697,37800,-3252,-1965,-1287,-0.2467,27691.4902
2019-11-12,NASDAQ100_MINI,93644,53770,39874,1333,2627,-1294,-0.3268,8263.79
2019-11-12,RUSSELL2000_MINI,102651,110092,-7441,1050,-2595,3645,1.0,1595.12
2019-11-12,SP500,78300,74564,3736,372,-365,737,1.0,3091.9
2019-11-19,DOW_x5,43555,12426,31129,-3942,2729,-6671,-1.0,27934.0195
2019-11-19,NASDAQ100_MINI,90161,55587,34574,-3483,1817,-5300,-1.0,8338.7402
2019-11-19,RUSSELL2000_MINI,103960,107753,-3793,1309,-2339,3648,1.0,1598.29
2019-11-19,SP500,79312,78141,1171,1012,3577,-2565,-0.5589,3118.5
2019-11-26,DOW_x5,41435,10706,30729,-2120,-1720,-400,-0.1042,28121.6797
2019-11-26,NASDAQ100_MINI,90143,56890,33253,-18,1303,-1321,-1.0,8385.75
2019-11-26,RUSSELL2000_MINI,112209,105420,6789,8249,-2333,10582,1.0,1624.23
2019-11-26,SP500,84581,84577,4,5269,6436,-1167,-0.0997,3143.7
2019-12-03,DOW_x5,37310,11920,25390,-4125,1214,-5339,-1.0,27502.8105
2019-12-03,NASDAQ100_MINI,70475,48369,22106,-19668,-8521,-11147,-0.3954,8254.7402
2019-12-03,RUSSELL2000_MINI,105033,74191,30842,-7176,-31229,24053,0.6263,1602.63
2019-12-03,SP500,76731,82681,-5950,-7850,-1896,-5954,-0.6109,3091.1
2019-12-10,DOW_x5,41679,20925,20754,4369,9005,-4636,-0.3466,27881.7207
2019-12-10,NASDAQ100_MINI,65503,53303,12200,-4972,4934,-9906,-1.0,8354.29
2019-12-10,RUSSELL2000_MINI,111673,74323,37350,6640,132,6508,0.961,1631.71
2019-12-10,SP500,76112,78191,-2079,-619,-4490,3871,0.7577,3136
2019-12-17,DOW_x5,43491,21577,21914,1812,652,1160,0.4708,28267.1602
2019-12-17,NASDAQ100_MINI,65526,57629,7897,23,4326,-4303,-0.9894,8575.7002
2019-12-17,RUSSELL2000_MINI,115982,73373,42609,4309,-950,5259,1.0,1657.5601
2019-12-17,SP500,80214,78385,1829,4102,194,3908,0.9097,3191.9
2019-12-24,DOW_x5,44548,18797,25751,1057,-2780,3837,1.0,28515.4492
2019-12-24,NASDAQ100_MINI,63307,49825,13482,-2219,-7804,5585,0.5572,8699.5098
2019-12-24,RUSSELL2000_MINI,115130,74398,40732,-852,1025,-1877,-1.0,1678.01
2019-12-24,SP500,79420,73245,6175,-794,-5140,4346,0.7324,3225.7
2019-12-31,DOW_x5,47567,21383,26184,3019,2586,433,0.0773,28538.4395
2019-12-31,NASDAQ100_MINI,71510,45874,25636,8203,-3951,12154,1.0,8733.0703
2019-12-31,RUSSELL2000_MINI,119660,67800,51860,4530,-6598,11128,1.0,1668.47
2019-12-31,SP500,83186,73119,10067,3766,-126,3892,1.0,3231.1
2020-01-07,DOW_x5,40579,17511,23068,-6988,-3872,-3116,-0.2869,28583.6797
2020-01-07,NASDAQ100_MINI,64167,47492,16675,-7343,1618,-8961,-1.0,8846.4502
2020-01-07,RUSSELL2000_MINI,119058,73147,45911,-602,5347,-5949,-1.0,1658.3101
2020-01-07,SP500,80900,75358,5542,-2286,2239,-4525,-1.0,3235.3
2020-01-14,DOW_x5,45447,18701,26746,4868,1190,3678,0.6071,28939.6699
2020-01-14,NASDAQ100_MINI,69106,52380,16726,4939,4888,51,0.0052,9033.4199
2020-01-14,RUSSELL2000_MINI,126837,78133,48704,7779,4986,2793,0.2188,1675.74
2020-01-14,SP500,80255,71750,8505,-645,-3608,2963,0.6967,3287.9
2020-01-21,DOW_x5,46079,14018,32061,632,-4683,5315,1.0,29196.0391
2020-01-21,NASDAQ100_MINI,69236,60242,8994,130,7862,-7732,-0.9675,9166.6299
2020-01-21,RUSSELL2000_MINI,132851,78539,54312,6014,406,5608,0.8735,1685.9
2020-01-21,SP500,85531,80955,4576,5276,9205,-3929,-0.2713,3319.5
2020-01-28,DOW_x5,47502,9258,38244,1423,-4760,6183,1.0,28722.8496
2020-01-28,NASDAQ100_MINI,71765,47384,24381,2529,-12858,15387,1.0,9090.9297
2020-01-28,RUSSELL2000_MINI,131869,73547,58322,-982,-4992,4010,0.6712,1658.3101
2020-01-28,SP500,85798,78896,6902,267,-2059,2326,1.0,3278.3
2020-02-04,DOW_x5,48385,10653,37732,883,1395,-512,-0.2248,28807.6309
2020-02-04,NASDAQ100_MINI,70544,49254,21290,-1221,1870,-3091,-1.0,9334.0596
2020-02-04,RUSSELL2000_MINI,121684,68311,53373,-10185,-5236,-4949,-0.3209,1656.77
2020-02-04,SP500,86416,76177,10239,618,-2719,3337,1.0,3299.5
2020-02-11,DOW_x5,38083,8929,29154,-10302,-1724,-8578,-0.7133,29276.3398
2020-02-11,NASDAQ100_MINI,74042,65312,8730,3498,16058,-12560,-0.6423,9517.8604
2020-02-11,RUSSELL2000_MINI,109856,69951,39905,-11828,1640,-13468,-1.0,1677.51
2020-02-11,SP500,89949,80335,9614,3533,4158,-625,-0.0813,3357.6
2020-02-18,DOW_x5,37277,10040,27237,-806,1111,-1917,-1.0,29232.1895
2020-02-18,NASDAQ100_MINI,78468,60067,18401,4426,-5245,9671,1.0,9629.7998
2020-02-18,RUSSELL2000_MINI,111410,70534,40876,1554,583,971,0.4544,1683.52
2020-02-18,SP500,94305,84465,9840,4356,4130,226,0.0266,3369.3
2020-02-25,DOW_x5,36672,10310,26362,-605,270,-875,-1.0,27081.3594
2020-02-25,NASDAQ100_MINI,82960,43382,39578,4492,-16685,21177,1.0,8834.8701
2020-02-25,RUSSELL2000_MINI,111809,63627,48182,399,-6907,7306,1.0,1571.9
2020-02-25,SP500,89674,75831,13843,-4631,-8634,4003,0.3018,3132.6
2020-03-03,DOW_x5,25077,10710,14367,-11595,400,-11995,-1.0,25917.4102
2020-03-03,NASDAQ100_MINI,77787,45575,32212,-5173,2193,-7366,-1.0,8594.4902
2020-03-03,RUSSELL2000_MINI,84904,61698,23206,-26905,-1929,-24976,-0.8662,1486.08
2020-03-03,SP500,76985,74574,2411,-12689,-1257,-11432,-0.8197,2997.1
2020-03-10,DOW_x5,23150,7208,15942,-1927,-3502,1575,0.2901,25018.1602
2020-03-10,NASDAQ100_MINI,74994,57325,17669,-2793,11750,-14543,-1.0,8372.2695
2020-03-10,RUSSELL2000_MINI,84963,62961,22002,59,1263,-1204,-0.9107,1350.9
2020-03-10,SP500,77985,75781,2204,1000,1207,-207,-0.0938,2865.8
2020-03-17,DOW_x5,14931,5813,9118,-8219,-1395,-6824,-0.7098,21237.3809
2020-03-17,NASDAQ100_MINI,66840,44424,22416,-8154,-12901,4747,0.2255,7473.9502
2020-03-17,RUSSELL2000_MINI,63378,79157,-15779,-21585,16196,-37781,-1.0,1106.51
2020-03-17,SP500,88601,76675,11926,10616,894,9722,0.8447,
2020-03-24,DOW_x5,8780,6117,2663,-6151,304,-6455,-1.0,20704.9102
2020-03-24,NASDAQ100_MINI,66725,39308,27417,-115,-5116,5001,0.956,7553.8301
2020-03-24,RUSSELL2000_MINI,55013,74691,-19678,-8365,-4466,-3899,-0.3039,1096.54
2020-03-24,SP500,76862,73854,3008,-11739,-2821,-8918,-0.6125,2438.1
2020-03-31,DOW_x5,7435,17079,-9644,-1345,10962,-12307,-1.0,21917.1602
2020-03-31,NASDAQ100_MINI,63626,42223,21403,-3099,2915,-6014,-1.0,7813.5
2020-03-31,RUSSELL2000_MINI,61047,74259,-13212,6034,-432,6466,1.0,1153.1
2020-03-31,SP500,82475,84607,-2132,5613,10753,-5140,-0.3141,2569.7
2020-04-07,DOW_x5,11361,17480,-6119,3926,401,3525,0.8147,22653.8594
2020-04-07,NASDAQ100_MINI,59794,45780,14014,-3832,3557,-7389,-1.0,8049.3101
2020-04-07,RUSSELL2000_MINI,61159,72252,-11093,112,-2007,2119,1.0,1139.17
2020-04-07,SP500,76897,92562,-15665,-5578,7955,-13533,-1.0,2642
2020-04-14,DOW_x5,12443,20392,-7949,1082,2912,-1830,-0.4582,23949.7598
2020-04-14,NASDAQ100_MINI,54512,54263,249,-5282,8483,-13765,-1.0,8692.1602
2020-04-14,RUSSELL2000_MINI,49758,73810,-24052,-11401,1558,-12959,-1.0,1237.33
2020-04-14,SP500,75295,104271,-28976,-1602,11709,-13311,-1.0,2843.1
2020-04-21,DOW_x5,12798,24017,-11219,355,3625,-3270,-0.8216,23018.8809
2020-04-21,NASDAQ100_MINI,59215,50491,8724,4703,-3772,8475,1.0,8403
2020-04-21,RUSSELL2000_MINI,51968,80598,-28630,2210,6788,-4578,-0.5088,1185.09
2020-04-21,SP500,74034,97092,-23058,-1261,-7179,5918,0.7012,2732.1
2020-04-28,DOW_x5,12516,25469,-12953,-282,1452,-1734,-1.0,24101.5508
2020-04-28,NASDAQ100_MINI,59391,48390,11001,176,-2101,2277,1.0,8677.5996
2020-04-28,RUSSELL2000_MINI,52496,88001,-35505,528,7403,-6875,-0.8669,1298.08
2020-04-28,SP500,71848,105672,-33824,-2186,8580,-10766,-1.0,2867.2
2020-05-05,DOW_x5,12646,28879,-16233,130,3410,-3280,-0.9266,23883.0898
2020-05-05,NASDAQ100_MINI,57723,44877,12846,-1668,-3513,1845,0.3561,8930.6201
2020-05-05,RUSSELL2000_MINI,53204,75683,-22479,708,-12318,13026,1.0,1273.51
2020-05-05,SP500,66525,98988,-32463,-5323,-6684,1361,0.1134,2858.3
2020-05-12,DOW_x5,12606,29169,-16563,-40,290,-330,-1.0,23764.7793
2020-05-12,NASDAQ100_MINI,64153,55706,8447,6430,10829,-4399,-0.2549,9112.4502
2020-05-12,RUSSELL2000_MINI,62593,80925,-18332,9389,5242,4147,0.2834,1275.54
2020-05-12,SP500,62090,93931,-31841,-4435,-5057,622,0.0655,2852.6
2020-05-19,DOW_x5,10942,26787,-15845,-1664,-2382,718,0.1775,24206.8594
2020-05-19,NASDAQ100_MINI,59651,64605,-4954,-4502,8899,-13401,-1.0,9298.54
2020-05-19,RUSSELL2000_MINI,85991,79777,6214,23398,-1148,24546,1.0,1307.72
2020-05-19,SP500,63991,98845,-34854,1901,4914,-3013,-0.4421,2918.8
2020-05-26,DOW_x5,12450,26835,-14385,1508,48,1460,0.9383,24995.1094
2020-05-26,NASDAQ100_MINI,68738,65299,3439,9087,694,8393,0.8581,9389.9805
2020-05-26,RUSSELL2000_MINI,104973,76186,28787,18982,-3591,22573,1.0,1393.0699
2020-05-26,SP500,65913,105198,-39285,1922,6353,-4431,-0.5355,2994.4
2020-06-02,DOW_x5,14160,31886,-17726,1710,5051,-3341,-0.4942,25742.6504
2020-06-02,NASDAQ100_MINI,68534,55937,12597,-204,-9362,9158,0.9573,9657.3096
2020-06-02,RUSSELL2000_MINI,96779,80252,16527,-8194,4066,-12260,-1.0,1418.21
2020-06-02,SP500,72765,105925,-33160,6852,727,6125,0.8082,3076.9
2020-06-09,DOW_x5,16212,30400,-14188,2052,-1486,3538,1.0,27272.3008
2020-06-09,NASDAQ100_MINI,67392,57235,10157,-1142,1298,-2440,-1.0,9967.1699
2020-06-09,RUSSELL2000_MINI,95561,85168,10393,-1218,4916,-6134,-1.0,1507.05
2020-06-09,SP500,74970,105326,-30356,2205,-599,2804,1.0,3205.4
2020-06-16,DOW_x5,12796,41548,-28752,-3416,11148,-14564,-1.0,26289.9805
2020-06-16,NASDAQ100_MINI,73267,48080,25187,5875,-9155,15030,1.0,9949.3701
2020-06-16,RUSSELL2000_MINI,89784,80872,8912,-5777,-4296,-1481,-0.147,1452.26
2020-06-16,SP500,69438,114765,-45327,-5532,9439,-14971,-1.0,3118.2
2020-06-23,DOW_x5,13683,42379,-28696,887,831,56,0.0326,26156.0996
2020-06-23,NASDAQ100_MINI,74408,35442,38966,1141,-12638,13779,1.0,10209.8203
2020-06-23,RUSSELL2000_MINI,85315,79586,5729,-4469,-1286,-3183,-0.5531,1439.34
2020-06-23,SP500,66603,86019,-19416,-2835,-28746,25911,0.8205,3118.5
2020-06-30,DOW_x5,13861,39737,-25876,178,-2642,2820,1.0,25812.8809
2020-06-30,NASDAQ100_MINI,78279,34460,43819,3871,-982,4853,1.0,10156.8496
2020-06-30,RUSSELL2000_MINI,90029,70377,19652,4714,-9209,13923,1.0,1441.37
2020-06-30,SP500,73550,86397,-12847,6947,378,6569,0.8968,3090.2
2020-07-07,DOW_x5,15209,37099,-21890,1348,-2638,3986,1.0,25890.1797
2020-07-07,NASDAQ100_MINI,81797,37097,44700,3518,2637,881,0.1431,10524.0098
2020-07-07,RUSSELL2000_MINI,88203,80698,7505,-1826,10321,-12147,-1.0,1416
2020-07-07,SP500,73098,80874,-7776,-452,-5523,5071,0.8487,3136.4
2020-07-14,DOW_x5,28340,35724,-7384,13131,-1375,14506,1.0,26642.5898
2020-07-14,NASDAQ100_MINI,79514,43900,35614,-2283,6803,-9086,-1.0,10689.5195
2020-07-14,RUSSELL2000_MINI,69336,64860,4476,-18867,-15838,-3029,-0.0873,1428.26
2020-07-14,SP500,76053,81762,-5709,2955,888,2067,0.5379,3183.6
2020-07-21,DOW_x5,26574,35320,-8746,-1766,-404,-1362,-0.6276,26840.4004
2020-07-21,NASDAQ100_MINI,65233,49524,15709,-14281,5624,-19905,-1.0,10833.0703
2020-07-21,RUSSELL2000_MINI,61553,64895,-3342,-7783,35,-7818,-1.0,1487.51
2020-07-21,SP500,75175,82396,-7221,-878,634,-1512,-1.0,3251.3
2020-07-28,DOW_x5,27827,34130,-6303,1253,-1190,2443,1.0,26379.2793
2020-07-28,NASDAQ100_MINI,72439,48333,24106,7206,-1191,8397,1.0,10532.5
2020-07-28,RUSSELL2000_MINI,70761,55153,15608,9208,-9742,18950,1.0,1469.76
2020-07-28,SP500,75311,79481,-4170,136,-2915,3051,1.0,3213
2020-08-04,DOW_x5,32465,38856,-6391,4638,4726,-88,-0.0094,26828.4707
2020-08-04,NASDAQ100_MINI,73593,55336,18257,1154,7003,-5849,-0.7171,11096.54
2020-08-04,RUSSELL2000_MINI,79248,71631,7617,8487,16478,-7991,-0.3201,1517.21
2020-08-04,SP500,79250,85736,-6486,3939,6255,-2316,-0.2272,3299.9
2020-08-11,DOW_x5,33600,36795,-3195,1135,-2061,3196,1.0,27686.9102
2020-08-11,NASDAQ100_MINI,68940,56439,12501,-4653,1103,-5756,-1.0,10876.0801
2020-08-11,RUSSELL2000_MINI,84968,69818,15150,5720,-1813,7533,1.0,1575.1
2020-08-11,SP500,78319,84754,-6435,-931,-982,51,0.0267,3329.9
2020-08-18,DOW_x5,31878,35098,-3220,-1722,-1697,-25,-0.0073,27778.0703
2020-08-18,NASDAQ100_MINI,77881,56674,21207,8941,235,8706,0.9488,11399.0303
2020-08-18,RUSSELL2000_MINI,86508,72801,13707,1540,2983,-1443,-0.319,1569.77
2020-08-18,SP500,83642,88160,-4518,5323,3406,1917,0.2196,3386.9
2020-08-25,DOW_x5,25755,34659,-8904,-6123,-439,-5684,-0.8662,28248.4395
2020-08-25,NASDAQ100_MINI,78125,58405,19720,244,1731,-1487,-0.7529,11721.8096
2020-08-25,RUSSELL2000_MINI,94968,76694,18274,8460,3893,4567,0.3697,1571.21
2020-08-25,SP500,81957,92090,-10133,-1685,3930,-5615,-1.0,3442.9
2020-09-01,DOW_x5,24142,32970,-8828,-1613,-1689,76,0.023,28645.6602
2020-09-01,NASDAQ100_MINI,79307,70675,8632,1182,12270,-11088,-0.8243,12292.8604
2020-09-01,RUSSELL2000_MINI,95566,87282,8284,598,10588,-9990,-0.8931,1578.58
2020-09-01,SP500,87974,88205,-231,6017,-3885,9902,1.0,3526.9
2020-09-08,DOW_x5,18874,35094,-16220,-5268,2124,-7392,-1.0,27500.8906
2020-09-08,NASDAQ100_MINI,71282,89752,-18470,-8025,19077,-27102,-1.0,11068.2598
2020-09-08,RUSSELL2000_MINI,96612,81010,15602,1046,-6272,7318,1.0,1504.59
2020-09-08,SP500,82885,74749,8136,-5089,-13456,8367,0.4512,3335.5
2020-09-15,DOW_x5,19869,35751,-15882,995,657,338,0.2046,27995.5996
2020-09-15,NASDAQ100_MINI,77191,158062,-80871,5909,68310,-62401,-0.8408,11438.8701
2020-09-15,RUSSELL2000_MINI,100601,83984,16617,3989,2974,1015,0.1458,1538.15
2020-09-15,SP500,79455,73380,6075,-3430,-1369,-2061,-0.4295,3395
2020-09-22,DOW_x5,17360,34691,-17331,-2509,-1060,-1449,-0.406,27288.1797
2020-09-22,NASDAQ100_MINI,83379,217690,-134311,6188,59628,-53440,-0.812,11186.3701
2020-09-22,RUSSELL2000_MINI,95342,83216,12126,-5259,-768,-4491,-0.7451,1496.96
2020-09-22,SP500,69926,59734,10192,-9529,-13646,4117,0.1776,3299.3
2020-09-29,DOW_x5,23590,34739,-11149,6230,48,6182,0.9847,27452.6602
2020-09-29,NASDAQ100_MINI,74283,153977,-79694,-9096,-63713,54617,0.7501,11322.9502
2020-09-29,RUSSELL2000_MINI,89846,81234,8612,-5496,-1982,-3514,-0.4699,1504.73
2020-09-29,SP500,75232,60600,14632,5306,866,4440,0.7194,3333.7
2020-10-06,DOW_x5,33355,34717,-1362,9765,-22,9787,1.0,27772.7598
2020-10-06,NASDAQ100_MINI,72643,147656,-75013,-1640,-6321,4681,0.588,11291.2695
2020-10-06,RUSSELL2000_MINI,96975,71622,25353,7129,-9612,16741,1.0,1577.29
2020-10-06,SP500,79725,63868,15857,4493,3268,1225,0.1578,3353.2
2020-10-13,DOW_x5,34184,33675,509,829,-1042,1871,1.0,28679.8105
2020-10-13,NASDAQ100_MINI,73666,55798,17868,1023,-91858,92881,1.0,12083.1699
2020-10-13,RUSSELL2000_MINI,111494,82232,29262,14519,10610,3909,0.1556,1636.85
2020-10-13,SP500,76154,65504,10650,-3571,1636,-5207,-1.0,3504.8
2020-10-20,DOW_x5,41397,35069,6328,7213,1394,5819,0.6761,28308.7891
2020-10-20,NASDAQ100_MINI,66113,60050,6063,-7553,4252,-11805,-1.0,11677.8398
2020-10-20,RUSSELL2000_MINI,119512,78715,40797,8018,-3517,11535,1.0,1617.71
2020-10-20,SP500,78290,67406,10884,2136,1902,234,0.0579,3432.2
2020-10-27,DOW_x5,37572,34995,2577,-3825,-74,-3751,-0.962,27463.1895
2020-10-27,NASDAQ100_MINI,65835,66326,-491,-278,6276,-6554,-1.0,11598.9502
2020-10-27,RUSSELL2000_MINI,117716,77150,40566,-1796,-1565,-231,-0.0687,1590.71
2020-10-27,SP500,86027,62497,23530,7737,-4909,12646,1.0,3383.1
2020-11-03,DOW_x5,28607,32138,-3531,-8965,-2857,-6108,-0.5167,27480.0293
2020-11-03,NASDAQ100_MINI,65827,65515,312,-8,-811,803,0.9805,11279.9102
2020-11-03,RUSSELL2000_MINI,114783,76489,38294,-2933,-661,-2272,-0.6322,1614.3
2020-11-03,SP500,75714,59120,16594,-10313,-3377,-6936,-0.5066,3361.6
2020-11-10,DOW_x5,33225,34201,-976,4618,2063,2555,0.3824,29420.9199
2020-11-10,NASDAQ100_MINI,68425,83707,-15282,2598,18192,-15594,-0.7501,11624.29
2020-11-10,RUSSELL2000_MINI,102152,63621,38531,-12631,-12868,237,0.0093,1737.01
2020-11-10,SP500,75963,60448,15515,249,1328,-1079,-0.6842,3541
2020-11-17,DOW_x5,29843,34615,-4772,-3382,414,-3796,-1.0,29783.3496
2020-11-17,NASDAQ100_MINI,62535,79013,-16478,-5890,-4694,-1196,-0.113,11977.4902
2020-11-17,RUSSELL2000_MINI,121317,79451,41866,19165,15830,3335,0.0953,1791.91
2020-11-17,SP500,79023,66263,12760,3060,5815,-2755,-0.3104,3606.8
2020-11-24,DOW_x5,26093,35771,-9678,-3750,1156,-4906,-1.0,30046.2402
2020-11-24,NASDAQ100_MINI,66177,88975,-22798,3642,9962,-6320,-0.4646,12079.8096
2020-11-24,RUSSELL2000_MINI,132596,85876,46720,11279,6425,4854,0.2742,1853.53
2020-11-24,SP500,72682,72479,203,-6341,6216,-12557,-1.0,3632.7
2020-12-01,DOW_x5,21044,37305,-16261,-5049,1534,-6583,-1.0,29823.9199
2020-12-01,NASDAQ100_MINI,66746,89369,-22623,569,394,175,0.1817,12455.3301
2020-12-01,RUSSELL2000_MINI,121960,83359,38601,-10636,-2517,-8119,-0.6173,1836.05
2020-12-01,SP500,72558,73394,-836,-124,915,-1039,-1.0,3660.5
2020-12-08,DOW_x5,25088,37741,-12653,4044,436,3608,0.8054,30173.8809
2020-12-08,NASDAQ100_MINI,70005,60937,9068,3259,-28432,31691,1.0,12635.7197
2020-12-08,RUSSELL2000_MINI,114837,87601,27236,-7123,4242,-11365,-1.0,1917.78
2020-12-08,SP500,74932,79021,-4089,2374,5627,-3253,-0.4066,3702
2020-12-15,DOW_x5,21545,39185,-17640,-3543,1444,-4987,-1.0,30199.3105
2020-12-15,NASDAQ100_MINI,75075,63040,12035,5070,2103,2967,0.4136,12595.9199
2020-12-15,RUSSELL2000_MINI,95554,79698,15856,-19283,-7903,-11380,-0.4186,1959.76
2020-12-15,SP500,74197,78575,-4378,-735,-446,-289,-0.2447,3687
2020-12-21,DOW_x5,23435,36434,-12999,1890,-2751,4641,1.0,30216.4492
2020-12-21,NASDAQ100_MINI,70311,39114,31197,-4764,-23926,19162,0.6679,12690.2598
2020-12-21,RUSSELL2000_MINI,93298,76449,16849,-2256,-3249,993,0.1804,1970.33
2020-12-21,SP500,66638,71549,-4911,-7559,-7026,-533,-0.0365,3685.8
2020-12-29,DOW_x5,23828,36291,-12463,393,-143,536,1.0,30335.6699
2020-12-29,NASDAQ100_MINI,70702,50905,19797,391,11791,-11400,-0.9358,12843.4902
2020-12-29,RUSSELL2000_MINI,92518,82714,9804,-780,6265,-7045,-1.0,1959.36
2020-12-29,SP500,68924,77759,-8835,2286,6210,-3924,-0.4619,3719.9
2021-01-05,DOW_x5,24078,36738,-12660,250,447,-197,-0.2826,30391.5996
2021-01-05,NASDAQ100_MINI,72329,46546,25783,1627,-4359,5986,1.0,12802.3799
2021-01-05,RUSSELL2000_MINI,112220,79182,33038,19702,-3532,23234,1.0,1979.11
2021-01-05,SP500,67750,78490,-10740,-1174,731,-1905,-1.0,3718.2
2021-01-12,DOW_x5,24275,36598,-12323,197,-140,337,1.0,31068.6895
2021-01-12,NASDAQ100_MINI,78363,57950,20413,6034,11404,-5370,-0.3079,12892.0898
2021-01-12,RUSSELL2000_MINI,103471,88408,15063,-8749,9226,-17975,-1.0,2127.96
2021-01-12,SP500,71702,75603,-3901,3952,-2887,6839,1.0,3794.5
2021-01-19,DOW_x5,22265,35984,-13719,-2010,-614,-1396,-0.532,30930.5195
2021-01-19,NASDAQ100_MINI,85676,54065,31611,7313,-3885,11198,1.0,12996.54
2021-01-19,RUSSELL2000_MINI,86846,86397,449,-16625,-2011,-14614,-0.7842,2151.1399
2021-01-19,SP500,75532,73814,1718,3830,-1789,5619,1.0,3790.6
2021-01-26,DOW_x5,22925,38247,-15322,660,2263,-1603,-0.5484,30937.0391
2021-01-26,NASDAQ100_MINI,87917,48255,39662,2241,-5810,8051,1.0,13490.1904
2021-01-26,RUSSELL2000_MINI,91239,95713,-4474,4393,9316,-4923,-0.3591,2149.8601
2021-01-26,SP500,74484,77412,-2928,-1048,3598,-4646,-1.0,3842.6
2021-02-02,DOW_x5,33318,39048,-5730,10393,801,9592,0.8569,30687.4805
2021-02-02,NASDAQ100_MINI,87172,58103,29069,-745,9848,-10593,-1.0,13456.1201
2021-02-02,RUSSELL2000_MINI,95539,93658,1881,4300,-2055,6355,1.0,2151.4399
2021-02-02,SP500,71435,77717,-6282,-3049,305,-3354,-1.0,3818.3
2021-02-09,DOW_x5,34965,38811,-3846,1647,-237,1884,1.0,31375.8301
2021-02-09,NASDAQ100_MINI,83028,57366,25662,-4144,-737,-3407,-0.698,13687.0801
2021-02-09,RUSSELL2000_MINI,88015,96458,-8443,-7524,2800,-10324,-1.0,2299
2021-02-09,SP500,68281,79914,-11633,-3154,2197,-5351,-1.0,3905.5
2021-02-16,DOW_x5,29678,37180,-7502,-5287,-1631,-3656,-0.5285,31522.75
2021-02-16,NASDAQ100_MINI,75218,54113,21105,-7810,-3253,-4557,-0.4119,13773.7695
2021-02-16,RUSSELL2000_MINI,87235,97029,-9794,-780,571,-1351,-1.0,2272.8899
2021-02-16,SP500,68357,81513,-13156,76,1599,-1523,-0.9093,3927.7
2021-02-23,DOW_x5,29519,36226,-6707,-159,-954,795,0.7143,31537.3496
2021-02-23,NASDAQ100_MINI,67535,72923,-5388,-7683,18810,-26493,-1.0,13194.71
2021-02-23,RUSSELL2000_MINI,91030,100852,-9822,3795,3823,-28,-0.0037,2231.3101
2021-02-23,SP500,70638,73035,-2397,2281,-8478,10759,1.0,3877.9
2021-03-02,DOW_x5,19849,40681,-20832,-9670,4455,-14125,-1.0,31391.5195
2021-03-02,NASDAQ100_MINI,56614,80107,-23493,-10921,7184,-18105,-1.0,13059.9502
2021-03-02,RUSSELL2000_MINI,82511,97261,-14750,-8519,-3591,-4928,-0.4069,2231.51
2021-03-02,SP500,77157,69518,7639,6519,-3517,10036,1.0,3867.6
2021-03-09,DOW_x5,16265,40566,-24301,-3584,-115,-3469,-0.9378,31832.7402
2021-03-09,NASDAQ100_MINI,62457,74951,-12494,5843,-5156,10999,1.0,12794.4902
2021-03-09,RUSSELL2000_MINI,89204,84514,4690,6693,-12747,19440,1.0,2245.0601
2021-03-09,SP500,78080,72055,6025,923,2537,-1614,-0.4665,3873.3
2021-03-16,DOW_x5,18684,37374,-18690,2419,-3192,5611,1.0,32825.9492
2021-03-16,NASDAQ100_MINI,57067,69394,-12327,-5390,-5557,167,0.0153,13152.2803
2021-03-16,RUSSELL2000_MINI,88078,71841,16237,-1126,-12673,11547,0.8368,2319.52
2021-03-16,SP500,74511,71937,2574,-3569,-118,-3451,-0.936,3952.4
2021-03-23,DOW_x5,21477,35287,-13810,2793,-2087,4880,1.0,32423.1504
2021-03-23,NASDAQ100_MINI,49731,62389,-12658,-7336,-7005,-331,-0.0231,13017.79
2021-03-23,RUSSELL2000_MINI,81848,72608,9240,-6230,767,-6997,-1.0,2185.6899
2021-03-23,SP500,60998,66659,-5661,-13513,-5278,-8235,-0.4382,3899.8
2021-03-30,DOW_x5,22443,36993,-14550,966,1706,-740,-0.2769,33066.9609
2021-03-30,NASDAQ100_MINI,48096,65961,-17865,-1635,3572,-5207,-1.0,12896.5303
2021-03-30,RUSSELL2000_MINI,58125,68125,-10000,-23723,-4483,-19240,-0.6821,2195.8
2021-03-30,SP500,61730,67115,-5385,732,456,276,0.2323,3947.7
2021-04-06,DOW_x5,26641,38696,-12055,4198,1703,2495,0.4228,33430.2383
2021-04-06,NASDAQ100_MINI,57439,66835,-9396,9343,874,8469,0.8289,13578.46
2021-04-06,RUSSELL2000_MINI,57946,82344,-24398,-179,14219,-14398,-1.0,2259.1499
2021-04-06,SP500,66477,72628,-6151,4747,5513,-766,-0.0747,4064
2021-04-13,DOW_x5,27072,38459,-11387,431,-237,668,1.0,33677.2695
2021-04-13,NASDAQ100_MINI,59294,65405,-6111,1855,-1430,3285,1.0,13986.4902
2021-04-13,RUSSELL2000_MINI,57922,79383,-21461,-24,-2961,2937,0.9839,2228.9199
2021-04-13,SP500,67046,72813,-5767,569,185,384,0.5093,4132.8
2021-04-20,DOW_x5,25076,33963,-8887,-1996,-4496,2500,0.3851,33821.3008
2021-04-20,NASDAQ100_MINI,55287,60412,-5125,-4007,-4993,986,0.1096,13809.2998
2021-04-20,RUSSELL2000_MINI,54939,80132,-25193,-2983,749,-3732,-1.0,2188.21
2021-04-20,SP500,68475,73684,-5209,1429,871,558,0.2426,4126.6
2021-04-27,DOW_x5,25521,33577,-8056,445,-386,831,1.0,33984.9297
2021-04-27,NASDAQ100_MINI,52561,60319,-7758,-2726,-93,-2633,-0.934,13960.2803
2021-04-27,RUSSELL2000_MINI,61515,81687,-20172,6576,1555,5021,0.6175,2301.27
2021-04-27,SP500,71967,66614,5353,3492,-7070,10562,1.0,4178.9
2021-05-04,DOW_x5,27923,33217,-5294,2402,-360,2762,1.0,34133.0313
2021-05-04,NASDAQ100_MINI,57165,73968,-16803,4604,13649,-9045,-0.4955,13544.6699
2021-05-04,RUSSELL2000_MINI,61721,84786,-23065,206,3099,-2893,-0.8753,2248.29
2021-05-04,SP500,67680,67488,192,-4287,874,-5161,-1.0,4158.3
2021-05-11,DOW_x5,30972,38315,-7343,3049,5098,-2049,-0.2515,34269.1602
2021-05-11,NASDAQ100_MINI,61213,67224,-6011,4048,-6744,10792,1.0,13351.2695
2021-05-11,RUSSELL2000_MINI,63047,90831,-27784,1326,6045,-4719,-0.6402,2206.99
2021-05-11,SP500,67445,62886,4559,-235,-4602,4367,0.9028,4146.2
2021-05-18,DOW_x5,29894,38922,-9028,-1078,607,-1685,-1.0,34060.6602
2021-05-18,NASDAQ100_MINI,58992,65094,-6102,-2221,-2130,-91,-0.0209,13217.6797
2021-05-18,RUSSELL2000_MINI,63413,100204,-36791,366,9373,-9007,-0.9248,2210.8799
2021-05-18,SP500,70055,63171,6884,2610,285,2325,0.8031,4123.1
2021-05-25,DOW_x5,31409,44453,-13044,1515,5531,-4016,-0.57,34312.4609
2021-05-25,NASDAQ100_MINI,52932,66227,-13295,-6060,1133,-7193,-1.0,13657.7305
2021-05-25,RUSSELL2000_MINI,61885,95745,-33860,-1528,-4459,2931,0.4896,2205.75
2021-05-25,SP500,75932,65998,9934,5877,2827,3050,0.3504,4185.5
2021-06-01,DOW_x5,34280,44045,-9765,2871,-408,3279,1.0,34575.3086
2021-06-01,NASDAQ100_MINI,53160,67709,-14549,228,1482,-1254,-0.7333,13654.5898
2021-06-01,RUSSELL2000_MINI,70310,105696,-35386,8425,9951,-1526,-0.083,2294.74
2021-06-01,SP500,78536,66544,11992,2604,546,2058,0.6533,4198.6
2021-06-08,DOW_x5,33096,41916,-8820,-1184,-2129,945,0.2852,34599.8203
2021-06-08,NASDAQ100_MINI,60518,69018,-8500,7358,1309,6049,0.6979,13810.8604
2021-06-08,RUSSELL2000_MINI,64997,108406,-43409,-5313,2710,-8023,-1.0,2343.76
2021-06-08,SP500,77843,62073,15770,-693,-4471,3778,0.7316,4225.8
2021-06-15,DOW_x5,30655,40744,-10089,-2441,-1172,-1269,-0.3512,34299.3281
2021-06-15,NASDAQ100_MINI,65892,76926,-11034,5374,7908,-2534,-0.1908,14030.4102
2021-06-15,RUSSELL2000_MINI,55412,105379,-49967,-9585,-3027,-6558,-0.52,2320.0701
2021-06-15,SP500,79776,64706,15070,1933,2633,-700,-0.1533,4236.4
2021-06-22,DOW_x5,27861,43008,-15147,-2794,2264,-5058,-1.0,33945.5781
2021-06-22,NASDAQ100_MINI,58747,69112,-10365,-7145,-7814,669,0.0447,14270.4199
2021-06-22,RUSSELL2000_MINI,50033,87681,-37648,-5379,-17698,12319,0.5338,2295.95
2021-06-22,SP500,71475,61456,10019,-8301,-3250,-5051,-0.4373,4236.2
2021-06-29,DOW_x5,38688,39513,-825,10827,-3495,14322,1.0,34292.2891
2021-06-29,NASDAQ100_MINI,63525,71624,-8099,4778,2512,2266,0.3108,14572.75
2021-06-29,RUSSELL2000_MINI,52566,87816,-35250,2533,135,2398,0.8988,2308.8401
2021-06-29,SP500,75214,64894,10320,3739,3438,301,0.0419,4282
2021-07-06,DOW_x5,40085,33736,6349,1397,-5777,7174,1.0,34577.3711
2021-07-06,NASDAQ100_MINI,65755,67326,-1571,2230,-4298,6528,1.0,14786.3604
2021-07-06,RUSSELL2000_MINI,49724,91631,-41907,-2842,3815,-6657,-1.0,2274.5
2021-07-06,SP500,78739,66107,12632,3525,1213,2312,0.488,4333.9
2021-07-13,DOW_x5,46678,37467,9211,6593,3731,2862,0.2772,34888.7891
2021-07-13,NASDAQ100_MINI,67964,72220,-4256,2209,4894,-2685,-0.378,14874.54
2021-07-13,RUSSELL2000_MINI,50612,93704,-43092,888,2073,-1185,-0.4002,2238.8601
2021-07-13,SP500,81398,65090,16308,2659,-1017,3676,1.0,4361.2
2021-07-20,DOW_x5,37851,41771,-3920,-8827,4304,-13131,-1.0,34511.9883
2021-07-20,NASDAQ100_MINI,71895,74177,-2282,3931,1957,1974,0.3353,14728.21
2021-07-20,RUSSELL2000_MINI,56047,112075,-56028,5435,18371,-12936,-0.5434,2194.3
2021-07-20,SP500,79924,68886,11038,-1474,3796,-5270,-1.0,4315.6
2021-07-27,DOW_x5,40566,40939,-373,2715,-832,3547,1.0,35058.5195
2021-07-27,NASDAQ100_MINI,63838,73663,-9825,-8057,-514,-7543,-0.8801,14956.9697
2021-07-27,RUSSELL2000_MINI,57951,114801,-56850,1904,2726,-822,-0.1775,2191.8301
2021-07-27,SP500,81145,67760,13385,1221,-1126,2347,1.0,4394.6
2021-08-03,DOW_x5,48407,41826,6581,7841,887,6954,0.7967,35116.3984
2021-08-03,NASDAQ100_MINI,64869,66335,-1466,1031,-7328,8359,1.0,15061.4199
2021-08-03,RUSSELL2000_MINI,55463,114674,-59211,-2488,-127,-2361,-0.9029,2223.5801
2021-08-03,SP500,83032,67716,15316,1887,-44,1931,1.0,4415.1
2021-08-10,DOW_x5,46893,44005,2888,-1514,2179,-3693,-1.0,35264.6719
2021-08-10,NASDAQ100_MINI,58502,71771,-13269,-6367,5436,-11803,-1.0,15053.5801
2021-08-10,RUSSELL2000_MINI,62990,120525,-57535,7527,5851,1676,0.1253,2239.3601
2021-08-10,SP500,81431,68402,13029,-1601,686,-2287,-1.0,4429.9
2021-08-17,DOW_x5,42250,46196,-3946,-4643,2191,-6834,-1.0,35343.2813
2021-08-17,NASDAQ100_MINI,54913,76841,-21928,-3589,5070,-8659,-1.0,15002.8301
2021-08-17,RUSSELL2000_MINI,50577,115264,-64687,-12413,-5261,-7152,-0.4047,2177.1699
2021-08-17,SP500,75567,64424,11143,-5864,-3978,-1886,-0.1916,4443.6
2021-08-24,DOW_x5,43700,45092,-1392,1450,-1104,2554,1.0,35366.2617
2021-08-24,NASDAQ100_MINI,65165,67583,-2418,10252,-9258,19510,1.0,15357.6797
2021-08-24,RUSSELL2000_MINI,45019,117950,-72931,-5558,2686,-8244,-1.0,2230.9099
2021-08-24,SP500,77966,64447,13519,2399,23,2376,0.981,4482.5
2021-08-31,DOW_x5,43851,46393,-2542,151,1301,-1150,-0.792,35360.7305
2021-08-31,NASDAQ100_MINI,69396,71845,-2449,4231,4262,-31,-0.0037,15582.5098
2021-08-31,RUSSELL2000_MINI,47869,114659,-66790,2850,-3291,6141,1.0,2273.77
2021-08-31,SP500,68990,62984,6006,-8976,-1463,-7513,-0.7197,4520.5
2021-09-07,DOW_x5,34553,44696,-10143,-9298,-1697,-7601,-0.6913,35100
2021-09-07,NASDAQ100_MINI,75435,70447,4988,6039,-1398,7437,1.0,15675.7598
2021-09-07,RUSSELL2000_MINI,54018,110466,-56448,6149,-4193,10342,1.0,2275.6101
2021-09-07,SP500,71398,68583,2815,2408,5599,-3191,-0.3985,4519.3
2021-09-14,DOW_x5,32212,44113,-11901,-2341,-583,-1758,-0.6012,34577.5703
2021-09-14,NASDAQ100_MINI,81991,72429,9562,6556,1982,4574,0.5357,15382.9004
2021-09-14,RUSSELL2000_MINI,52975,115956,-62981,-1043,5490,-6533,-1.0,2209.98
2021-09-14,SP500,72391,64726,7665,993,-3857,4850,1.0,4434.8
2021-09-21,DOW_x5,24785,41586,-16801,-7427,-2527,-4900,-0.4923,33919.8398
2021-09-21,NASDAQ100_MINI,69901,60479,9422,-12090,-11950,-140,-0.0058,15027.7695
2021-09-21,RUSSELL2000_MINI,46679,113280,-66601,-6296,-2676,-3620,-0.4035,2186.1799
2021-09-21,SP500,75027,65064,9963,2636,338,2298,0.7727,
2021-09-28,DOW_x5,29684,37365,-7681,4899,-4221,9120,1.0,34299.9883
2021-09-28,NASDAQ100_MINI,64041,66321,-2280,-5860,5842,-11702,-1.0,14770.2998
2021-09-28,RUSSELL2000_MINI,52263,107906,-55643,5584,-5374,10958,1.0,2229.78
2021-09-28,SP500,76499,61868,14631,1472,-3196,4668,1.0,
2021-10-05,DOW_x5,29290,35465,-6175,-394,-1900,1506,0.6565,34314.6719
2021-10-05,NASDAQ100_MINI,58770,61423,-2653,-5271,-4898,-373,-0.0367,14674.1504
2021-10-05,RUSSELL2000_MINI,58691,117304,-58613,6428,9398,-2970,-0.1877,2228.3601
2021-10-05,SP500,73946,59389,14557,-2553,-2479,-74,-0.0147,
2021-10-12,DOW_x5,32183,36466,-4283,2893,1001,1892,0.4859,34378.3398
2021-10-12,NASDAQ100_MINI,60671,61489,-818,1901,66,1835,0.9329,14662.1104
2021-10-12,RUSSELL2000_MINI,63996,112702,-48706,5305,-4602,9907,1.0,2234.27
2021-10-12,SP500,75980,56224,19756,2034,-3165,5199,1.0,
2021-10-19,DOW_x5,40105,36474,3631,7922,8,7914,0.998,35457.3086
2021-10-19,NASDAQ100_MINI,60578,63635,-3057,-93,2146,-2239,-1.0,15410.7197
2021-10-19,RUSSELL2000_MINI,56745,116066,-59321,-7251,3364,-10615,-1.0,2275.9099
2021-10-19,SP500,70031,56507,13524,-5949,283,-6232,-1.0,
2021-10-26,DOW_x5,41551,39814,1737,1446,3340,-1894,-0.3957,35756.8789
2021-10-26,NASDAQ100_MINI,65755,69010,-3255,5177,5375,-198,-0.0188,15559.4902
2021-10-26,RUSSELL2000_MINI,59793,114224,-54431,3048,-1842,4890,1.0,2296.0801
2021-10-26,SP500,70534,51237,19297,503,-5270,5773,1.0,
2021-11-02,DOW_x5,45902,40814,5088,4351,1000,3351,0.6262,36052.6289
2021-11-02,NASDAQ100_MINI,71515,64296,7219,5760,-4714,10474,1.0,15972.4902
2021-11-02,RUSSELL2000_MINI,68416,106587,-38171,8623,-7637,16260,1.0,2361.8601
2021-11-02,SP500,74143,49043,25100,3609,-2194,5803,1.0,
2021-11-09,DOW_x5,36568,37982,-1414,-9334,-2832,-6502,-0.5344,36319.9805
2021-11-09,NASDAQ100_MINI,82027,65825,16202,10512,1529,8983,0.746,16219.9404
2021-11-09,RUSSELL2000_MINI,73082,97603,-24521,4666,-8984,13650,1.0,2427.29
2021-11-09,SP500,77478,57966,19512,3335,8923,-5588,-0.4559,
2021-11-16,DOW_x5,36563,40841,-4278,-5,2859,-2864,-1.0,36142.2188
2021-11-16,NASDAQ100_MINI,80615,67157,13458,-1412,1332,-2744,-1.0,16309.7695
2021-11-16,RUSSELL2000_MINI,74077,94244,-20167,995,-3359,4354,1.0,2405.02
2021-11-16,SP500,77657,55427,22230,179,-2539,2718,1.0,
2021-11-23,DOW_x5,39132,41283,-2151,2569,442,2127,0.7064,35813.8008
2021-11-23,NASDAQ100_MINI,83595,55581,28014,2980,-11576,14556,1.0,16306.7197
2021-11-23,RUSSELL2000_MINI,72793,94331,-21538,-1284,87,-1371,-1.0,2327.8601
2021-11-23,SP500,75503,50740,24763,-2154,-4687,2533,0.3703,
2021-11-30,DOW_x5,34083,40919,-6836,-5049,-364,-4685,-0.8655,34483.7188
2021-11-30,NASDAQ100_MINI,86716,52783,33933,3121,-2798,5919,1.0,16135.9199
2021-11-30,RUSSELL2000_MINI,60401,91542,-31141,-12392,-2789,-9603,-0.6326,2198.9099
2021-11-30,SP500,85140,49195,35945,9637,-1545,11182,1.0,
2021-12-07,DOW_x5,37728,42281,-4553,3645,1362,2283,0.456,35719.4297
2021-12-07,NASDAQ100_MINI,80716,54938,25778,-6000,2155,-8155,-1.0,16325.6602
2021-12-07,RUSSELL2000_MINI,59732,86733,-27001,-669,-4809,4140,0.7558,2253.79
2021-12-07,SP500,87588,54509,33079,2448,5314,-2866,-0.3692,
2021-12-14,DOW_x5,31182,37859,-6677,-6546,-4422,-2124,-0.1937,35544.1797
2021-12-14,NASDAQ100_MINI,85036,51573,33463,4320,-3365,7685,1.0,15914.9004
2021-12-14,RUSSELL2000_MINI,66744,94458,-27714,7012,7725,-713,-0.0484,2159.6499
2021-12-14,SP500,88284,54729,33555,696,220,476,0.5197,
2021-12-21,DOW_x5,27362,36627,-9265,-3820,-1232,-2588,-0.5123,35492.6992
2021-12-21,NASDAQ100_MINI,71976,46616,25360,-13060,-4957,-8103,-0.4497,15986.2803
2021-12-21,RUSSELL2000_MINI,75484,87657,-12173,8740,-6801,15541,1.0,2202.95
2021-12-21,SP500,82869,55593,27276,-5415,864,-6279,-1.0,
2021-12-28,DOW_x5,35616,36774,-1158,8254,147,8107,0.965,36398.2109
2021-12-28,NASDAQ100_MINI,69315,55211,14104,-2661,8595,-11256,-1.0,16488.6602
2021-12-28,RUSSELL2000_MINI,72956,93255,-20299,-2528,5598,-8126,-1.0,2246.51
2021-12-28,SP500,80723,60064,20659,-2146,4471,-6617,-1.0,
2022-01-04,DOW_x5,41883,34649,7234,6267,-2125,8392,1.0,36799.6484
2022-01-04,NASDAQ100_MINI,69552,47827,21725,237,-7384,7621,1.0,16279.7305
2022-01-04,RUSSELL2000_MINI,73156,88949,-15793,200,-4306,4506,1.0,2268.8701
2022-01-04,SP500,81541,59735,21806,818,-329,1147,1.0,
2022-01-11,DOW_x5,32403,35206,-2803,-9480,557,-10037,-1.0,36252.0195
2022-01-11,NASDAQ100_MINI,76075,54804,21271,6523,6977,-454,-0.0336,15844.1201
2022-01-11,RUSSELL2000_MINI,82212,87598,-5386,9056,-1351,10407,1.0,2194
2022-01-11,SP500,77945,62464,15481,-3596,2729,-6325,-1.0,
2022-01-18,DOW_x5,24624,34968,-10344,-7779,-238,-7541,-0.9406,35368.4688
2022-01-18,NASDAQ100_MINI,88593,58387,30206,12518,3583,8935,0.5549,15210.7598
2022-01-18,RUSSELL2000_MINI,84628,99274,-14646,2416,11676,-9260,-0.6571,2096.23
2022-01-18,SP500,81674,56628,25046,3729,-5836,9565,1.0,
2022-01-25,DOW_x5,25929,36206,-10277,1305,1238,67,0.0263,34297.7305
2022-01-25,NASDAQ100_MINI,87909,57807,30102,-684,-580,-104,-0.0823,14149.1201
2022-01-25,RUSSELL2000_MINI,84935,87759,-2824,307,-11515,11822,1.0,2004.03
2022-01-25,SP500,92496,47126,45370,10822,-9502,20324,1.0,
2022-02-01,DOW_x5,24457,34034,-9577,-1472,-2172,700,0.1921,35405.2383
2022-02-01,NASDAQ100_MINI,71179,72168,-989,-16730,14361,-31091,-1.0,15019.6797
2022-02-01,RUSSELL2000_MINI,72319,108411,-36092,-12616,20652,-33268,-1.0,2050.74
2022-02-01,SP500,80698,48948,31750,-11798,1822,-13620,-1.0,
2022-02-08,DOW_x5,24057,30920,-6863,-400,-3114,2714,0.7723,35462.7813
2022-02-08,NASDAQ100_MINI,67042,59070,7972,-4137,-13098,8961,0.5199,14747.0303
2022-02-08,RUSSELL2000_MINI,75337,113054,-37717,3018,4643,-1625,-0.2121,2045.37
2022-02-08,SP500,78331,42814,35517,-2367,-6134,3767,0.4431,
2022-02-15,DOW_x5,21110,30460,-9350,-2947,-460,-2487,-0.73,34988.8398
2022-02-15,NASDAQ100_MINI,68020,58678,9342,978,-392,1370,1.0,14620.8203
2022-02-15,RUSSELL2000_MINI,71330,103040,-31710,-4007,-10014,6007,0.4284,2076.46
2022-02-15,SP500,86292,47268,39024,7961,4454,3507,0.2825,
2022-02-22,DOW_x5,18416,31731,-13315,-2694,1271,-3965,-1.0,33596.6094
2022-02-22,NASDAQ100_MINI,75342,61433,13909,7322,2755,4567,0.4532,13870.5303
2022-02-22,RUSSELL2000_MINI,77857,103932,-26075,6527,892,5635,0.7595,1980.17
2022-02-22,SP500,92253,44964,47289,5961,-2304,8265,1.0,
2022-03-01,DOW_x5,17423,32893,-15470,-993,1162,-2155,-1.0,33294.9492
2022-03-01,NASDAQ100_MINI,61452,49315,12137,-13890,-12118,-1772,-0.0681,14005.9902
2022-03-01,RUSSELL2000_MINI,65133,94719,-29586,-12724,-9213,-3511,-0.16,2008.51
2022-03-01,SP500,86433,54229,32204,-5820,9265,-15085,-1.0,
2022-03-08,DOW_x5,17361,29278,-11917,-62,-3615,3553,0.9663,32632.6406
2022-03-08,NASDAQ100_MINI,75361,48745,26616,13909,-570,14479,1.0,13267.6104
2022-03-08,RUSSELL2000_MINI,65826,91302,-25476,693,-3417,4110,1.0,1963.01
2022-03-08,SP500,79736,54206,25530,-6697,-23,-6674,-0.9932,
2022-03-15,DOW_x5,15312,27420,-12108,-2049,-1858,-191,-0.0489,33544.3398
2022-03-15,NASDAQ100_MINI,68259,49285,18974,-7102,540,-7642,-1.0,13458.5596
2022-03-15,RUSSELL2000_MINI,68446,99542,-31096,2620,8240,-5620,-0.5175,1968.97
2022-03-15,SP500,75700,55260,20440,-4036,1054,-5090,-1.0,
2022-03-22,DOW_x5,10819,25664,-14845,-4493,-1756,-2737,-0.438,34807.4609
2022-03-22,NASDAQ100_MINI,56676,53864,2812,-11583,4579,-16162,-1.0,14654.3301
2022-03-22,RUSSELL2000_MINI,57945,105404,-47459,-10501,5862,-16363,-1.0,2088.3401
2022-03-22,SP500,56830,67664,-10834,-18870,12404,-31274,-1.0,
2022-03-29,DOW_x5,7739,27163,-19424,-3080,1499,-4579,-1.0,35294.1914
2022-03-29,NASDAQ100_MINI,49019,60246,-11227,-7657,6382,-14039,-1.0,15239.3203
2022-03-29,RUSSELL2000_MINI,50076,105797,-55721,-7869,393,-8262,-1.0,2133.1001
2022-03-29,SP500,57387,67558,-10171,557,-106,663,1.0,
2022-04-05,DOW_x5,10096,27823,-17727,2357,660,1697,0.5625,34641.1797
2022-04-05,NASDAQ100_MINI,58651,67285,-8634,9632,7039,2593,0.1555,14820.6396
2022-04-05,RUSSELL2000_MINI,48136,106419,-58283,-1940,622,-2562,-1.0,2046.04
2022-04-05,SP500,58837,65169,-6332,1450,-2389,3839,1.0,
2022-04-12,DOW_x5,8907,31819,-22912,-1189,3996,-5185,-1.0,34220.3594
2022-04-12,NASDAQ100_MINI,68206,55217,12989,9555,-12068,21623,1.0,13940.2402
2022-04-12,RUSSELL2000_MINI,50183,93389,-43206,2047,-13030,15077,1.0,1986.9399
2022-04-12,SP500,62851,50258,12593,4014,-14911,18925,1.0,
2022-04-19,DOW_x5,15558,30341,-14783,6651,-1478,8129,1.0,34911.1992
2022-04-19,NASDAQ100_MINI,65736,57587,8149,-2470,2370,-4840,-1.0,14210.2598
2022-04-19,RUSSELL2000_MINI,51475,91803,-40328,1292,-1586,2878,1.0,2030.77
2022-04-19,SP500,62984,49298,13686,133,-960,1093,1.0,
2022-04-26,DOW_x5,12750,34535,-21785,-2808,4194,-7002,-1.0,33240.1797
2022-04-26,NASDAQ100_MINI,68022,52189,15833,2286,-5398,7684,1.0,13009.71
2022-04-26,RUSSELL2000_MINI,54763,99020,-44257,3288,7217,-3929,-0.374,1890.47
2022-04-26,SP500,72520,47970,24550,9536,-1328,10864,1.0,
2022-05-03,DOW_x5,13061,32242,-19181,311,-2293,2604,1.0,33128.7891
2022-05-03,NASDAQ100_MINI,67077,50985,16092,-945,-1204,259,0.1205,13089.9004
2022-05-03,RUSSELL2000_MINI,53619,98414,-44795,-1144,-606,-538,-0.3074,1898.86
2022-05-03,SP500,72190,61748,10442,-330,13778,-14108,-1.0,
2022-05-10,DOW_x5,13236,36394,-23158,175,4152,-3977,-0.9191,32160.7402
2022-05-10,NASDAQ100_MINI,69222,55753,13469,2145,4768,-2623,-0.3794,12345.8604
2022-05-10,RUSSELL2000_MINI,43660,113282,-69622,-9959,14868,-24827,-1.0,1761.79
2022-05-10,SP500,76798,52443,24355,4608,-9305,13913,1.0,
2022-05-17,DOW_x5,14551,38039,-23488,1315,1645,-330,-0.1115,32654.5898
2022-05-17,NASDAQ100_MINI,69788,54614,15174,566,-1139,1705,1.0,12564.0996
2022-05-17,RUSSELL2000_MINI,43193,113241,-70048,-467,-41,-426,-0.8386,1840.3
2022-05-17,SP500,70332,57002,13330,-6466,4559,-11025,-1.0,
2022-05-24,DOW_x5,15355,39427,-24072,804,1388,-584,-0.2664,31928.6191
2022-05-24,NASDAQ100_MINI,75009,61284,13725,5221,6670,-1449,-0.1219,11769.8398
2022-05-24,RUSSELL2000_MINI,43536,118184,-74648,343,4943,-4600,-0.8702,1764.83
2022-05-24,SP500,70330,60552,9778,-2,3550,-3552,-1.0,
2022-05-31,DOW_x5,14200,40317,-26117,-1155,890,-2045,-1.0,32990.1211
2022-05-31,NASDAQ100_MINI,74438,68827,5611,-571,7543,-8114,-1.0,12642.0996
2022-05-31,RUSSELL2000_MINI,43995,122555,-78560,459,4371,-3912,-0.8099,1864.04
2022-05-31,SP500,65396,61014,4382,-4934,462,-5396,-1.0,
2022-06-07,DOW_x5,15174,35613,-20439,974,-4704,5678,1.0,33180.1406
2022-06-07,NASDAQ100_MINI,83477,66474,17003,9039,-2353,11392,1.0,12711.6797
2022-06-07,RUSSELL2000_MINI,46844,120426,-73582,2849,-2129,4978,1.0,1919.5601
2022-06-07,SP500,64064,67469,-3405,-1332,6455,-7787,-1.0,
2022-06-14,DOW_x5,14494,36783,-22289,-680,1170,-1850,-1.0,30364.8301
2022-06-14,NASDAQ100_MINI,88369,59967,28402,4892,-6507,11399,1.0,11311.6904
2022-06-14,RUSSELL2000_MINI,44369,139615,-95246,-2475,19189,-21664,-1.0,1707.83
2022-06-14,SP500,75593,68738,6855,11529,1269,10260,0.8017,
2022-06-21,DOW_x5,10310,35783,-25473,-4184,-1000,-3184,-0.6142,30530.25
2022-06-21,NASDAQ100_MINI,82888,52082,30806,-5481,-7885,2404,0.1799,11546.7598
2022-06-21,RUSSELL2000_MINI,40382,145978,-105596,-3987,6363,-10350,-1.0,1694.03
2022-06-21,SP500,54726,77590,-22864,-20867,8852,-29719,-1.0,
2022-06-28,DOW_x5,9011,34084,-25073,-1299,-1699,400,0.1334,30946.9902
2022-06-28,NASDAQ100_MINI,78987,54797,24190,-3901,2715,-6616,-1.0,11637.7695
2022-06-28,RUSSELL2000_MINI,41196,145816,-104620,814,-162,976,1.0,1738.84
2022-06-28,SP500,49663,77508,-27845,-5063,-82,-4981,-0.9681,
2022-07-05,DOW_x5,11053,34136,-23083,2042,52,1990,0.9503,30967.8203
2022-07-05,NASDAQ100_MINI,83514,52619,30895,4527,-2178,6705,1.0,11779.9004
2022-07-05,RUSSELL2000_MINI,42435,161028,-118593,1239,15212,-13973,-0.8494,1741.33
2022-07-05,SP500,47474,84210,-36736,-2189,6702,-8891,-1.0,
2022-07-12,DOW_x5,13674,33517,-19843,2621,-619,3240,1.0,30981.3301
2022-07-12,NASDAQ100_MINI,76972,57556,19416,-6542,4937,-11479,-1.0,11744.9902
2022-07-12,RUSSELL2000_MINI,40461,158239,-117778,-1974,-2789,815,0.1711,1728.1801
2022-07-12,SP500,44915,88021,-43106,-2559,3811,-6370,-1.0,
2022-07-19,DOW_x5,17567,33404,-15837,3893,-113,4006,1.0,31827.0508
2022-07-19,NASDAQ100_MINI,76826,48709,28117,-146,-8847,8701,0.9675,12249.4199
2022-07-19,RUSSELL2000_MINI,53055,153744,-100689,12594,-4495,17089,1.0,1799.3199
2022-07-19,SP500,50077,91707,-41630,5162,3686,1476,0.1668,
2022-07-26,DOW_x5,15955,37140,-21185,-1612,3736,-5348,-1.0,31761.5391
2022-07-26,NASDAQ100_MINI,83491,51682,31809,6665,2973,3692,0.3831,12086.9004
2022-07-26,RUSSELL2000_MINI,42107,147318,-105211,-10948,-6426,-4522,-0.2603,1805.25
2022-07-26,SP500,48128,95655,-47527,-1949,3948,-5897,-1.0,
2022-08-02,DOW_x5,16161,34582,-18421,206,-2558,2764,1.0,32396.1699
2022-08-02,NASDAQ100_MINI,74918,50206,24712,-8573,-1476,-7097,-0.7062,12901.5996
2022-08-02,RUSSELL2000_MINI,30724,150678,-119954,-11383,3360,-14743,-1.0,1882.45
2022-08-02,SP500,47519,93896,-46377,-609,-1759,1150,0.4856,
2022-08-09,DOW_x5,20008,32718,-12710,3847,-1864,5711,1.0,32774.4102
2022-08-09,NASDAQ100_MINI,73939,52864,21075,-979,2658,-3637,-1.0,13008.1699
2022-08-09,RUSSELL2000_MINI,28422,141289,-112867,-2302,-9389,7087,0.6062,1912.89
2022-08-09,SP500,45413,94265,-48852,-2106,369,-2475,-1.0,
2022-08-16,DOW_x5,23215,30180,-6965,3207,-2538,5745,1.0,34152.0117
2022-08-16,NASDAQ100_MINI,78401,71555,6846,4462,18691,-14229,-0.6146,13635.21
2022-08-16,RUSSELL2000_MINI,32034,148499,-116465,3612,7210,-3598,-0.3325,2020.53
2022-08-16,SP500,45474,103071,-57597,61,8806,-8745,-0.9862,
2022-08-23,DOW_x5,25478,30072,-4594,2263,-108,2371,1.0,32909.5898
2022-08-23,NASDAQ100_MINI,84287,46254,38033,5886,-25301,31187,1.0,12881.79
2022-08-23,RUSSELL2000_MINI,40273,135196,-94923,8239,-13303,21542,1.0,1919.14
2022-08-23,SP500,45263,97718,-52455,-211,-5353,5142,0.9242,
2022-08-30,DOW_x5,26724,28144,-1420,1246,-1928,3174,1.0,31790.8691
2022-08-30,NASDAQ100_MINI,77379,50572,26807,-6908,4318,-11226,-1.0,12342.7002
2022-08-30,RUSSELL2000_MINI,39315,130464,-91149,-958,-4732,3774,0.6633,1855.59
2022-08-30,SP500,48131,96057,-47926,2868,-1661,4529,1.0,
2022-09-06,DOW_x5,23230,32838,-9608,-3494,4694,-8188,-1.0,31145.3008
2022-09-06,NASDAQ100_MINI,85430,63384,22046,8051,12812,-4761,-0.2282,12011.3096
2022-09-06,RUSSELL2000_MINI,44891,140496,-95605,5576,10032,-4456,-0.2855,1792.3199
2022-09-06,SP500,45275,93019,-47744,-2856,-3038,182,0.0309,
2022-09-13,DOW_x5,20662,32348,-11686,-2568,-490,-2078,-0.6795,31104.9707
2022-09-13,NASDAQ100_MINI,75279,63473,11806,-10151,89,-10240,-1.0,12033.6201
2022-09-13,RUSSELL2000_MINI,37156,136308,-99152,-7735,-4188,-3547,-0.2975,1831.5699
2022-09-13,SP500,46959,103160,-56201,1684,10141,-8457,-0.7152,
2022-09-20,DOW_x5,15316,30750,-15434,-5346,-1598,-3748,-0.5397,30706.2305
2022-09-20,NASDAQ100_MINI,73741,70256,3485,-1538,6783,-8321,-1.0,11851.54
2022-09-20,RUSSELL2000_MINI,32486,139324,-106838,-4670,3016,-7686,-1.0,1787.5
2022-09-20,SP500,44232,88122,-43890,-2727,-15038,12311,0.693,
2022-09-27,DOW_x5,14309,33539,-19230,-1007,2789,-3796,-1.0,29134.9902
2022-09-27,NASDAQ100_MINI,74731,74779,-48,990,4523,-3533,-0.6408,11271.75
2022-09-27,RUSSELL2000_MINI,43291,149352,-106061,10805,10028,777,0.0373,1662.51
2022-09-27,SP500,52559,82600,-30041,8327,-5522,13849,1.0,
2022-10-04,DOW_x5,13187,29688,-16501,-1122,-3851,2729,0.5488,30316.3203
2022-10-04,NASDAQ100_MINI,69796,73557,-3761,-4935,-1222,-3713,-0.6031,11582.54
2022-10-04,RUSSELL2000_MINI,50946,150139,-99193,7655,787,6868,0.8136,1775.77
2022-10-04,SP500,45134,86994,-41860,-7425,4394,-11819,-1.0,
2022-10-11,DOW_x5,15135,28885,-13750,1948,-803,2751,1.0,29239.1895
2022-10-11,NASDAQ100_MINI,84915,76387,8528,15119,2830,12289,0.6847,10791.3496
2022-10-11,RUSSELL2000_MINI,59012,144595,-85583,8066,-5544,13610,1.0,1692.92
2022-10-11,SP500,50342,83154,-32812,5208,-3840,9048,1.0,
2022-10-18,DOW_x5,14221,31071,-16850,-914,2186,-3100,-1.0,30523.8008
2022-10-18,NASDAQ100_MINI,79521,78006,1515,-5394,1619,-7013,-1.0,11147.7402
2022-10-18,RUSSELL2000_MINI,60237,140058,-79821,1225,-4537,5762,1.0,1755.96
2022-10-18,SP500,48130,92770,-44640,-2212,9616,-11828,-1.0,
2022-10-25,DOW_x5,16159,30029,-13870,1938,-1042,2980,1.0,31836.7402
2022-10-25,NASDAQ100_MINI,82491,76791,5700,2970,-1215,4185,1.0,11669.9902
2022-10-25,RUSSELL2000_MINI,61129,141653,-80524,892,1595,-703,-0.2827,1796.16
2022-10-25,SP500,48163,91984,-43821,33,-786,819,1.0,
2022-11-01,DOW_x5,20522,28719,-8197,4363,-1310,5673,1.0,32653.1992
2022-11-01,NASDAQ100_MINI,74646,89895,-15249,-7845,13104,-20949,-1.0,11288.9502
2022-11-01,RUSSELL2000_MINI,73269,122919,-49650,12140,-18734,30874,1.0,1851.39
2022-11-01,SP500,55684,90696,-35012,7521,-1288,8809,1.0,
2022-11-08,DOW_x5,21252,29595,-8343,730,876,-146,-0.0909,33160.8281
2022-11-08,NASDAQ100_MINI,78312,80726,-2414,3666,-9169,12835,1.0,11059.5
2022-11-08,RUSSELL2000_MINI,65482,126745,-61263,-7787,3826,-11613,-1.0,1808.9301
2022-11-08,SP500,52708,88120,-35412,-2976,-2576,-400,-0.072,
2022-11-15,DOW_x5,15004,25614,-10610,-6248,-3981,-2267,-0.2216,33592.9219
2022-11-15,NASDAQ100_MINI,68167,73423,-5256,-10145,-7303,-2842,-0.1629,11871.1504
2022-11-15,RUSSELL2000_MINI,47254,115218,-67964,-18228,-11527,-6701,-0.2252,1889.2
2022-11-15,SP500,51593,92122,-40529,-1115,4002,-5117,-1.0,
2022-11-22,DOW_x5,20669,27060,-6391,5665,1446,4219,0.5933,34098.1016
2022-11-22,NASDAQ100_MINI,67365,64319,3046,-802,-9104,8302,0.8381,11724.8398
2022-11-22,RUSSELL2000_MINI,47309,112258,-64949,55,-2960,3015,1.0,1860.4399
2022-11-22,SP500,48941,87239,-38298,-2652,-4883,2231,0.2961,
2022-11-29,DOW_x5,21216,27358,-6142,547,298,249,0.2947,33852.5313
2022-11-29,NASDAQ100_MINI,67971,58216,9755,606,-6103,6709,1.0,11503.4502
2022-11-29,RUSSELL2000_MINI,49226,106843,-57617,1917,-5415,7332,1.0,1836.55
2022-11-29,SP500,48690,89525,-40835,-251,2286,-2537,-1.0,
2022-12-06,DOW_x5,21978,33581,-11603,762,6223,-5461,-0.7818,33596.3398
2022-12-06,NASDAQ100_MINI,68737,55220,13517,766,-2996,3762,1.0,11549.6904
2022-12-06,RUSSELL2000_MINI,42785,116220,-73435,-6441,9377,-15818,-1.0,1812.58
2022-12-06,SP500,46183,86927,-40744,-2507,-2598,91,0.0178,
2022-12-13,DOW_x5,23411,35953,-12542,1433,2372,-939,-0.2468,34108.6406
2022-12-13,NASDAQ100_MINI,73103,53905,19198,4366,-1315,5681,1.0,11834.21
2022-12-13,RUSSELL2000_MINI,44847,108631,-63784,2062,-7589,9651,1.0,1832.36
2022-12-13,SP500,45301,91326,-46025,-882,4399,-5281,-1.0,
2022-12-20,DOW_x5,25052,31495,-6443,1641,-4458,6099,1.0,32849.7383
2022-12-20,NASDAQ100_MINI,62489,57973,4516,-10614,4068,-14682,-1.0,11072.4199
2022-12-20,RUSSELL2000_MINI,49117,108031,-58914,4270,-600,4870,1.0,1748.02
2022-12-20,SP500,49728,81679,-31951,4427,-9647,14074,1.0,
2022-12-27,DOW_x5,23473,35518,-12045,-1579,4023,-5602,-1.0,33241.5586
2022-12-27,NASDAQ100_MINI,63763,62591,1172,1274,4618,-3344,-0.5675,10822.5098
2022-12-27,RUSSELL2000_MINI,39599,109523,-69924,-9518,1492,-11010,-1.0,1749.52
2022-12-27,SP500,48995,83851,-34856,-733,2172,-2905,-1.0,
2023-01-03,DOW_x5,25248,37139,-11891,1775,1621,154,0.0453,33136.3711
2023-01-03,NASDAQ100_MINI,59802,58440,1362,-3961,-4151,190,0.0234,10862.6396
2023-01-03,RUSSELL2000_MINI,43799,109160,-65361,4200,-363,4563,1.0,1750.73
2023-01-03,SP500,52252,85712,-33460,3257,1861,1396,0.2728,
2023-01-10,DOW_x5,25943,35085,-9142,695,-2054,2749,1.0,33704.1016
2023-01-10,NASDAQ100_MINI,57068,65219,-8151,-2734,6779,-9513,-1.0,11205.7803
2023-01-10,RUSSELL2000_MINI,44813,102941,-58128,1014,-6219,7233,1.0,1822.65
2023-01-10,SP500,48701,91335,-42634,-3551,5623,-9174,-1.0,
2023-01-17,DOW_x5,25847,36460,-10613,-96,1375,-1471,-1.0,33910.8516
2023-01-17,NASDAQ100_MINI,61621,82254,-20633,4553,17035,-12482,-0.5782,11557.1904
2023-01-17,RUSSELL2000_MINI,44629,107544,-62915,-184,4603,-4787,-1.0,1884.29
2023-01-17,SP500,52067,97431,-45364,3366,6096,-2730,-0.2885,
2023-01-24,DOW_x5,21106,31072,-9966,-4741,-5388,647,0.0639,33733.9609
2023-01-24,NASDAQ100_MINI,60241,85502,-25261,-1380,3248,-4628,-1.0,11846.6396
2023-01-24,RUSSELL2000_MINI,37737,105138,-67401,-6892,-2406,-4486,-0.4825,1885.61
2023-01-24,SP500,50095,91893,-41798,-1972,-5538,3566,0.4748,
2023-01-31,DOW_x5,21339,30767,-9428,233,-305,538,1.0,34086.0391
2023-01-31,NASDAQ100_MINI,59439,75297,-15858,-802,-10205,9403,0.8543,12101.9297
2023-01-31,RUSSELL2000_MINI,42702,105726,-63024,4965,588,4377,0.7882,1931.9399
2023-01-31,SP500,50688,95139,-44451,593,3246,-2653,-0.6911,
2023-02-07,DOW_x5,27134,33417,-6283,5795,2650,3145,0.3724,34156.6914
2023-02-07,NASDAQ100_MINI,58310,73229,-14919,-1129,-2068,939,0.2937,12728.2695
2023-02-07,RUSSELL2000_MINI,35692,110838,-75146,-7010,5112,-12122,-1.0,1972.61
2023-02-07,SP500,49623,93132,-43509,-1065,-2007,942,0.3066,
2023-02-14,DOW_x5,28511,35249,-6738,1377,1832,-455,-0.1418,34089.2695
2023-02-14,NASDAQ100_MINI,54009,76833,-22824,-4301,3604,-7905,-1.0,12590.8896
2023-02-14,RUSSELL2000_MINI,40119,104027,-63908,4427,-6811,11238,1.0,1939.91
2023-02-14,SP500,48455,97746,-49291,-1168,4614,-5782,-1.0,
2023-02-21,DOW_x5,27344,43589,-16245,-1167,8340,-9507,-1.0,33129.5898
2023-02-21,NASDAQ100_MINI,57849,71918,-14069,3840,-4915,8755,1.0,12060.2998
2023-02-21,RUSSELL2000_MINI,44927,99475,-54548,4808,-4552,9360,1.0,1888.21
2023-02-21,SP500,46362,93220,-46858,-2093,-4526,2433,0.3676,
2023-02-28,DOW_x5,25616,41621,-16005,-1728,-1968,240,0.0649,32656.6992
2023-02-28,NASDAQ100_MINI,53946,77775,-23829,-3903,5857,-9760,-1.0,12042.1201
2023-02-28,RUSSELL2000_MINI,47060,89891,-42831,2133,-9584,11717,1.0,1896.99
2023-02-28,SP500,49591,86369,-36778,3229,-6851,10080,1.0,
2023-03-07,DOW_x5,27184,39889,-12705,1568,-1732,3300,1.0,32856.4609
2023-03-07,NASDAQ100_MINI,55586,68011,-12425,1640,-9764,11404,1.0,12152.1699
2023-03-07,RUSSELL2000_MINI,40775,91266,-50491,-6285,1375,-7660,-1.0,1878.72
2023-03-07,SP500,45660,87557,-41897,-3931,1188,-5119,-1.0,
2023-03-14,DOW_x5,20196,40276,-20080,-6988,387,-7375,-1.0,32155.4004
2023-03-14,NASDAQ100_MINI,61133,67605,-6472,5547,-406,5953,1.0,12199.79
2023-03-14,RUSSELL2000_MINI,36908,86211,-49303,-3867,-5055,1188,0.1332,1776.89
2023-03-14,SP500,46660,70624,-23964,1000,-16933,17933,1.0,
2023-03-21,DOW_x5,15604,37752,-22148,-4592,-2524,-2068,-0.2906,32560.5996
2023-03-21,NASDAQ100_MINI,53063,58183,-5120,-8070,-9422,1352,0.0773,12741.4404
2023-03-21,RUSSELL2000_MINI,40762,85750,-44988,3854,-461,4315,1.0,1777.74
2023-03-21,SP500,40625,81121,-40496,-6035,10497,-16532,-1.0,
2023-03-28,DOW_x5,12190,35759,-23569,-3414,-1993,-1421,-0.2628,32394.25
2023-03-28,NASDAQ100_MINI,51309,58657,-7348,-1754,474,-2228,-1.0,12610.5703
2023-03-28,RUSSELL2000_MINI,42013,84763,-42750,1251,-987,2238,1.0,1752.63
2023-03-28,SP500,39894,84826,-44932,-731,3705,-4436,-1.0,
2023-04-04,DOW_x5,14302,37927,-23625,2112,2168,-56,-0.0131,33402.3789
2023-04-04,NASDAQ100_MINI,38815,57200,-18385,-12494,-1457,-11037,-0.7911,13100.0801
2023-04-04,RUSSELL2000_MINI,44007,100963,-56956,1994,16200,-14206,-0.7808,1769.65
2023-04-04,SP500,32753,97045,-64292,-7141,12219,-19360,-1.0,
2023-04-11,DOW_x5,17410,39056,-21646,3108,1129,1979,0.4671,33684.7891
2023-04-11,NASDAQ100_MINI,51607,53737,-2130,12792,-3463,16255,1.0,12964.1504
2023-04-11,RUSSELL2000_MINI,51942,97073,-45131,7935,-3890,11825,1.0,1786.59
2023-04-11,SP500,41401,102924,-61523,8648,5879,2769,0.1906,
2023-04-18,DOW_x5,18896,43293,-24397,1486,4237,-2751,-0.4807,33976.6289
2023-04-18,NASDAQ100_MINI,58753,56080,2673,7146,2343,4803,0.5062,13091.79
2023-04-18,RUSSELL2000_MINI,51876,111038,-59162,-66,13965,-14031,-1.0,1795.55
2023-04-18,SP500,40912,109763,-68851,-489,6839,-7328,-1.0,
2023-04-25,DOW_x5,22829,48502,-25673,3933,5209,-1276,-0.1396,33530.8281
2023-04-25,NASDAQ100_MINI,64807,59677,5130,6054,3597,2457,0.2546,12725.1104
2023-04-25,RUSSELL2000_MINI,59738,111857,-52119,7862,819,7043,0.8113,1745.95
2023-04-25,SP500,41467,114120,-72653,555,4357,-3802,-0.774,
2023-05-02,DOW_x5,25933,46924,-20991,3104,-1578,4682,1.0,33684.5313
2023-05-02,NASDAQ100_MINI,73543,60253,13290,8736,576,8160,0.8763,13113.6602
2023-05-02,RUSSELL2000_MINI,68945,128361,-59416,9207,16504,-7297,-0.2838,1732.11
2023-05-02,SP500,204931,547791,-342860,163464,433671,-270207,-0.4525,
2023-05-09,DOW_x5,25177,45180,-20003,-756,-1744,988,0.3952,33561.8086
2023-05-09,NASDAQ100_MINI,80188,58801,21387,6645,-1452,8097,1.0,13201.1104
2023-05-09,RUSSELL2000_MINI,70410,130083,-59673,1465,1722,-257,-0.0806,1749.6801
2023-05-09,SP500,200323,564600,-364277,-4608,16809,-21417,-1.0,
2023-05-16,DOW_x5,24485,46130,-21645,-692,950,-1642,-1.0,33012.1406
2023-05-16,NASDAQ100_MINI,81022,61058,19964,834,2257,-1423,-0.4604,13426.0098
2023-05-16,RUSSELL2000_MINI,65674,129677,-64003,-4736,-406,-4330,-0.8421,1736.1801
2023-05-16,SP500,195781,570426,-374645,-4542,5826,-10368,-1.0,
2023-05-23,DOW_x5,22066,44798,-22732,-2419,-1332,-1087,-0.2898,33055.5117
2023-05-23,NASDAQ100_MINI,78974,64465,14509,-2048,3407,-5455,-1.0,13672.54
2023-05-23,RUSSELL2000_MINI,58528,107421,-48893,-7146,-22256,15110,0.5139,1787.71
2023-05-23,SP500,189899,578429,-388530,-5882,8003,-13885,-1.0,
2023-05-30,DOW_x5,21084,42662,-21578,-982,-2136,1154,0.3701,33042.7813
2023-05-30,NASDAQ100_MINI,87244,78732,8512,8270,14267,-5997,-0.2661,14354.9902
2023-05-30,RUSSELL2000_MINI,60596,123658,-63062,2068,16237,-14169,-0.7741,1767.29
2023-05-30,SP500,178251,596043,-417792,-11648,17614,-29262,-1.0,
2023-06-06,DOW_x5,19870,42622,-22752,-1214,-40,-1174,-0.9362,33573.2813
2023-06-06,NASDAQ100_MINI,91874,83026,8848,4630,4294,336,0.0377,14558.0898
2023-06-06,RUSSELL2000_MINI,54965,117553,-62588,-5631,-6105,474,0.0404,1855.4
2023-06-06,SP500,246110,571756,-325646,67859,-24287,92146,1.0,
2023-06-13,DOW_x5,19066,34646,-15580,-804,-7976,7172,0.8169,34212.1211
2023-06-13,NASDAQ100_MINI,91986,76306,15680,112,-6720,6832,1.0,14900.8496
2023-06-13,RUSSELL2000_MINI,55562,131458,-75896,597,13905,-13308,-0.9177,1896.33
2023-06-13,SP500,247813,553488,-305675,1703,-18268,19971,1.0,
2023-06-20,DOW_x5,19335,35194,-15859,269,548,-279,-0.3415,34053.8711
2023-06-20,NASDAQ100_MINI,71956,55963,15993,-20030,-20343,313,0.0078,15070.1504
2023-06-20,RUSSELL2000_MINI,51027,123736,-72709,-4535,-7722,3187,0.26,1866.7
2023-06-20,SP500,211190,449838,-238648,-36623,-103650,67027,0.4778,
2023-06-27,DOW_x5,21039,39961,-18922,1704,4767,-3063,-0.4733,33926.7383
2023-06-27,NASDAQ100_MINI,81119,63877,17242,9163,7914,1249,0.0731,14945.9102
2023-06-27,RUSSELL2000_MINI,55337,119037,-63700,4310,-4699,9009,1.0,1849.9301
2023-06-27,SP500,223806,428829,-205023,12616,-21009,33625,1.0,
2023-07-03,DOW_x5,24233,37315,-13082,3194,-2646,5840,1.0,34418.4688
2023-07-03,NASDAQ100_MINI,70707,65249,5458,-10412,1372,-11784,-1.0,15208.6904
2023-07-03,RUSSELL2000_MINI,52926,120436,-67510,-2411,1399,-3810,-1.0,1896.78
2023-07-03,SP500,224667,425609,-200942,861,-3220,4081,1.0,
2023-07-11,DOW_x5,23205,41790,-18585,-1028,4475,-5503,-1.0,34261.4219
2023-07-11,NASDAQ100_MINI,75622,64674,10948,4915,-575,5490,1.0,15119.0596
2023-07-11,RUSSELL2000_MINI,53492,119365,-65873,566,-1071,1637,1.0,1913.36
2023-07-11,SP500,226193,426919,-200726,1526,1310,216,0.0762,
2023-07-18,DOW_x5,29709,36850,-7141,6504,-4940,11444,1.0,34951.9297
2023-07-18,NASDAQ100_MINI,75196,73997,1199,-426,9323,-9749,-1.0,15841.3496
2023-07-18,RUSSELL2000_MINI,57206,122908,-65702,3714,3543,171,0.0236,1976.0699
2023-07-18,SP500,235764,489720,-253956,9571,62801,-53230,-0.7355,
2023-07-25,DOW_x5,35445,34029,1416,5736,-2821,8557,1.0,35438.0703
2023-07-25,NASDAQ100_MINI,66261,76933,-10672,-8935,2936,-11871,-1.0,15561.4199
2023-07-25,RUSSELL2000_MINI,54699,123468,-68769,-2507,560,-3067,-1.0,1966.11
2023-07-25,SP500,237756,462026,-224270,1992,-27694,29686,1.0,
2023-08-01,DOW_x5,35719,34139,1580,274,110,164,0.4271,35630.6797
2023-08-01,NASDAQ100_MINI,69643,81048,-11405,3382,4115,-733,-0.0978,15718.0098
2023-08-01,RUSSELL2000_MINI,52991,119282,-66291,-1708,-4186,2478,0.4204,1994.17
2023-08-01,SP500,235390,424874,-189484,-2366,-37152,34786,0.8803,
2023-08-08,DOW_x5,33027,28996,4031,-2692,-5143,2451,0.3128,35314.4883
2023-08-08,NASDAQ100_MINI,70170,81049,-10879,527,1,526,0.9962,15273.0498
2023-08-08,RUSSELL2000_MINI,48700,113211,-64511,-4291,-6071,1780,0.1718,1947.42
2023-08-08,SP500,241035,390106,-149071,5645,-34768,40413,1.0,
2023-08-15,DOW_x5,32257,35478,-3221,-770,6482,-7252,-1.0,34946.3906
2023-08-15,NASDAQ100_MINI,69459,64290,5169,-711,-16759,16048,0.9186,15037.6504
2023-08-15,RUSSELL2000_MINI,48652,119931,-71279,-48,6720,-6768,-1.0,1895.75
2023-08-15,SP500,260808,366991,-106183,19773,-23115,42888,1.0,
2023-08-22,DOW_x5,22926,37644,-14718,-9331,2166,-11497,-1.0,34288.8281
2023-08-22,NASDAQ100_MINI,69483,55653,13830,24,-8637,8661,1.0,14908.96
2023-08-22,RUSSELL2000_MINI,56600,118397,-61797,7948,-1534,9482,1.0,1850.84
2023-08-22,SP500,237362,363660,-126298,-23446,-3331,-20115,-0.7512,
2023-08-29,DOW_x5,25225,35225,-10000,2299,-2419,4718,1.0,34852.6719
2023-08-29,NASDAQ100_MINI,72413,56251,16162,2930,598,2332,0.661,15376.5498
2023-08-29,RUSSELL2000_MINI,51952,118830,-66878,-4648,433,-5081,-1.0,1895.54
2023-08-29,SP500,260017,392610,-132593,22655,28950,-6295,-0.122,
2023-09-05,DOW_x5,22245,33969,-11724,-2980,-1256,-1724,-0.407,34641.9688
2023-09-05,NASDAQ100_MINI,74040,60490,13550,1627,4239,-2612,-0.4453,15508.2402
2023-09-05,RUSSELL2000_MINI,50897,122608,-71711,-1055,3778,-4833,-1.0,1880.45
2023-09-05,SP500,243424,377940,-134516,-16593,-14670,-1923,-0.0615,
2023-09-12,DOW_x5,22788,35688,-12900,543,1719,-1176,-0.5199,34645.9883
2023-09-12,NASDAQ100_MINI,68674,59618,9056,-5366,-872,-4494,-0.7204,15289.7402
2023-09-12,RUSSELL2000_MINI,47088,110703,-63615,-3809,-11905,8096,0.5152,1855.3199
2023-09-12,SP500,280602,381625,-101023,37178,3685,33493,0.8196,
2023-09-19,DOW_x5,19016,36785,-17769,-3772,1097,-4869,-1.0,34517.7305
2023-09-19,NASDAQ100_MINI,56815,53621,3194,-11859,-5997,-5862,-0.3283,15191.2305
2023-09-19,RUSSELL2000_MINI,32929,96490,-63561,-14159,-14213,54,0.0019,1826.53
2023-09-19,SP500,201587,341997,-140410,-79015,-39628,-39387,-0.332,
2023-09-26,DOW_x5,18237,39855,-21618,-779,3070,-3849,-1.0,33618.8789
2023-09-26,NASDAQ100_MINI,58307,57461,846,1492,3840,-2348,-0.4404,14545.8301
2023-09-26,RUSSELL2000_MINI,35566,97168,-61602,2637,678,1959,0.591,1761.61
2023-09-26,SP500,261738,352906,-91168,60151,10909,49242,0.693,
2023-10-03,DOW_x5,19480,51927,-32447,1243,12072,-10829,-0.8133,33002.3789
2023-10-03,NASDAQ100_MINI,66087,64652,1435,7780,7191,589,0.0393,14565.6201
2023-10-03,RUSSELL2000_MINI,46209,109517,-63308,10643,12349,-1706,-0.0742,1727.15
2023-10-03,SP500,233248,310336,-77088,-28490,-42570,14080,0.1981,
2023-10-10,DOW_x5,17675,52327,-34652,-1805,400,-2205,-1.0,33739.3008
2023-10-10,NASDAQ100_MINI,69363,61523,7840,3276,-3129,6405,1.0,15131.5195
2023-10-10,RUSSELL2000_MINI,50586,117210,-66624,4377,7693,-3316,-0.2747,1775.95
2023-10-10,SP500,204465,302465,-98000,-28783,-7871,-20912,-0.5705,
2023-10-17,DOW_x5,18161,53372,-35211,486,1045,-559,-0.3651,33997.6484
2023-10-17,NASDAQ100_MINI,77538,63190,14348,8175,1667,6508,0.6612,15122.0098
2023-10-17,RUSSELL2000_MINI,64351,109823,-45472,13765,-7387,21152,1.0,1766.05
2023-10-17,SP500,216659,286555,-69896,12194,-15910,28104,1.0,
2023-10-24,DOW_x5,25159,61119,-35960,6998,7747,-749,-0.0508,33141.3789
2023-10-24,NASDAQ100_MINI,69019,66322,2697,-8519,3132,-11651,-1.0,14745.8604
2023-10-24,RUSSELL2000_MINI,72617,116788,-44171,8266,6965,1301,0.0854,1679.5
2023-10-24,SP500,273974,272557,1417,57315,-13998,71313,1.0,
2023-10-31,DOW_x5,23780,59891,-36111,-1379,-1228,-151,-0.0579,33052.8711
2023-10-31,NASDAQ100_MINI,72368,65631,6737,3349,-691,4040,1.0,14409.7803
2023-10-31,RUSSELL2000_MINI,80998,120425,-39427,8381,3637,4744,0.3947,1662.28
2023-10-31,SP500,274518,277967,-3449,544,5410,-4866,-0.8173,
2023-11-07,DOW_x5,22730,59806,-37076,-1050,-85,-965,-0.8502,34152.6016
2023-11-07,NASDAQ100_MINI,82602,66307,16295,10234,676,9558,0.8761,15296.0195
2023-11-07,RUSSELL2000_MINI,73434,146001,-72567,-7564,25576,-33140,-1.0,1733.15
2023-11-07,SP500,264335,322488,-58153,-10183,44521,-54704,-1.0,
2023-11-14,DOW_x5,20914,57427,-36513,-1816,-2379,563,0.1342,34827.6992
2023-11-14,NASDAQ100_MINI,69502,69187,315,-13100,2880,-15980,-1.0,15812.4697
2023-11-14,RUSSELL2000_MINI,77725,143291,-65566,4291,-2710,7001,1.0,1798.3199
2023-11-14,SP500,269036,325701,-56665,4701,3213,1488,0.188,
2023-11-21,DOW_x5,16401,50709,-34308,-4513,-6718,2205,0.1963,35088.2891
2023-11-21,NASDAQ100_MINI,74326,69282,5044,4824,95,4729,0.9614,15933.6201
2023-11-21,RUSSELL2000_MINI,70096,127342,-57246,-7629,-15949,8320,0.3529,1783.26
2023-11-21,SP500,247084,330984,-83900,-21952,5283,-27235,-1.0,
2023-11-28,DOW_x5,22196,46804,-24608,5795,-3905,9700,1.0,35416.9805
2023-11-28,NASDAQ100_MINI,78702,71424,7278,4376,2142,2234,0.3427,16010.4297
2023-11-28,RUSSELL2000_MINI,75264,130757,-55493,5168,3415,1753,0.2042,1792.8101
2023-11-28,SP500,275445,344353,-68908,28361,13369,14992,0.3593,
2023-12-05,DOW_x5,26253,25945,308,4057,-20859,24916,1.0,36124.5586
2023-12-05,NASDAQ100_MINI,75200,66798,8402,-3502,-4626,1124,0.1383,15877.71
2023-12-05,RUSSELL2000_MINI,69069,124498,-55429,-6195,-6259,64,0.0051,1856.04
2023-12-05,SP500,259495,308789,-49294,-15950,-35564,19614,0.3808,
2023-12-12,DOW_x5,25968,22517,3451,-285,-3428,3143,0.8465,36577.9414
2023-12-12,NASDAQ100_MINI,71616,63512,8104,-3584,-3286,-298,-0.0434,16354.25
2023-12-12,RUSSELL2000_MINI,65483,116112,-50629,-3586,-8386,4800,0.4009,1881.27
2023-12-12,SP500,256558,316779,-60221,-2937,7990,-10927,-1.0,
2023-12-19,DOW_x5,29883,22760,7123,3915,243,3672,0.8831,37557.9219
2023-12-19,NASDAQ100_MINI,71467,49283,22184,-149,-14229,14080,0.9793,16811.8496
2023-12-19,RUSSELL2000_MINI,63944,93993,-30049,-1539,-22119,20580,0.8699,2020.95
2023-12-19,SP500,247784,443785,-196001,-8774,127006,-135780,-1.0,
2023-12-26,DOW_x5,28469,17316,11153,-1414,-5444,4030,0.5876,37545.3281
2023-12-26,NASDAQ100_MINI,79760,51769,27991,8293,2486,5807,0.5387,16878.4609
2023-12-26,RUSSELL2000_MINI,81253,93699,-12446,17309,-294,17603,1.0,2059.1899
2023-12-26,SP500,250264,443991,-193727,2480,206,2274,0.8466,
2024-01-02,DOW_x5,34309,14767,19542,5840,-2549,8389,1.0,37715.0391
2024-01-02,NASDAQ100_MINI,80348,41281,39067,588,-10488,11076,1.0,16543.9395
2024-01-02,RUSSELL2000_MINI,84754,85675,-921,3501,-8024,11525,1.0,2012.8
2024-01-02,SP500,256848,469903,-213055,6584,25912,-19328,-0.5948,
2024-01-09,DOW_x5,36987,12908,24079,2678,-1859,4537,1.0,37525.1602
2024-01-09,NASDAQ100_MINI,83021,46245,36776,2673,4964,-2291,-0.3,16678.6992
2024-01-09,RUSSELL2000_MINI,94710,73698,21012,9956,-11977,21933,1.0,1968.04
2024-01-09,SP500,277818,390124,-112306,20970,-79779,100749,1.0,
2024-01-16,DOW_x5,32708,15321,17387,-4279,2413,-6692,-1.0,37361.1211
2024-01-16,NASDAQ100_MINI,83692,47121,36571,671,876,-205,-0.1325,16830.7109
2024-01-16,RUSSELL2000_MINI,89004,74759,14245,-5706,1061,-6767,-1.0,1927.3
2024-01-16,SP500,262747,427168,-164421,-15071,37044,-52115,-1.0,
2024-01-23,DOW_x5,33261,15013,18248,553,-308,861,1.0,37905.4492
2024-01-23,NASDAQ100_MINI,88544,55502,33042,4852,8381,-3529,-0.2667,17404.2109
2024-01-23,RUSSELL2000_MINI,85179,91368,-6189,-3825,16609,-20434,-1.0,1976.27
2024-01-23,SP500,281523,467423,-185900,18776,40255,-21479,-0.3639,
2024-01-30,DOW_x5,39325,14915,24410,6064,-98,6162,1.0,38467.3086
2024-01-30,NASDAQ100_MINI,94317,55066,39251,5773,-436,6209,1.0,17476.7109
2024-01-30,RUSSELL2000_MINI,83470,93974,-10504,-1709,2606,-4315,-1.0,1996.24
2024-01-30,SP500,285710,509741,-224031,4187,42318,-38131,-0.8199,
2024-02-06,DOW_x5,33274,12289,20985,-6051,-2626,-3425,-0.3947,38521.3594
2024-02-06,NASDAQ100_MINI,93744,60856,32888,-573,5790,-6363,-1.0,17572.7305
2024-02-06,RUSSELL2000_MINI,61004,80997,-19993,-22466,-12977,-9489,-0.2677,1953.63
2024-02-06,SP500,278111,509973,-231862,-7599,232,-7831,-1.0,
2024-02-13,DOW_x5,32665,12296,20369,-609,7,-616,-1.0,38272.75
2024-02-13,NASDAQ100_MINI,97292,65216,32076,3548,4360,-812,-0.1027,17600.4199
2024-02-13,RUSSELL2000_MINI,60783,85234,-24451,-221,4237,-4458,-1.0,1964.17
2024-02-13,SP500,292810,506021,-213211,14699,-3952,18651,1.0,
2024-02-20,DOW_x5,32293,15565,16728,-372,3269,-3641,-1.0,38563.8008
2024-02-20,NASDAQ100_MINI,92445,66884,25561,-4847,1668,-6515,-1.0,17546.0996
2024-02-20,RUSSELL2000_MINI,59033,83238,-24205,-1750,-1996,246,0.0657,2004.14
2024-02-20,SP500,272294,487983,-215689,-20516,-18038,-2478,-0.0643,
2024-02-27,DOW_x5,32779,14591,18188,486,-974,1460,1.0,38972.4102
2024-02-27,NASDAQ100_MINI,90667,80421,10246,-1778,13537,-15315,-1.0,17971.0508
2024-02-27,RUSSELL2000_MINI,64457,82685,-18228,5424,-553,5977,1.0,2056.1101
2024-02-27,SP500,296322,516194,-219872,24028,28211,-4183,-0.0801,
2024-03-05,DOW_x5,29443,14857,14586,-3336,266,-3602,-1.0,38585.1914
2024-03-05,NASDAQ100_MINI,82245,81610,635,-8422,1189,-9611,-1.0,17897.8691
2024-03-05,RUSSELL2000_MINI,61500,84323,-22823,-2957,1638,-4595,-1.0,2053.71
2024-03-05,SP500,284325,483294,-198969,-11997,-32900,20903,0.4656,
2024-03-12,DOW_x5,30251,14580,15671,808,-277,1085,1.0,39005.4883
2024-03-12,NASDAQ100_MINI,87501,86106,1395,5256,4496,760,0.0779,18219.1094
2024-03-12,RUSSELL2000_MINI,66221,85315,-19094,4721,992,3729,0.6527,2065.48
2024-03-12,SP500,280782,508622,-227840,-3543,25328,-28871,-1.0,
2024-03-19,DOW_x5,35688,13243,22445,5437,-1337,6774,1.0,39110.7617
2024-03-19,NASDAQ100_MINI,68217,57057,11160,-19284,-29049,9765,0.202,18032.1992
2024-03-19,RUSSELL2000_MINI,69077,82561,-13484,2856,-2754,5610,1.0,2035.71
2024-03-19,SP500,259421,446927,-187506,-21361,-61695,40334,0.4856,
2024-03-26,DOW_x5,32236,12224,20012,-3452,-1019,-2433,-0.5442,39282.3281
2024-03-26,NASDAQ100_MINI,64109,71225,-7116,-4108,14168,-18276,-1.0,18210.5391
2024-03-26,RUSSELL2000_MINI,71775,93322,-21547,2698,10761,-8063,-0.5991,2070.1599
2024-03-26,SP500,296934,460192,-163258,37513,13265,24248,0.4775,
2024-04-02,DOW_x5,32106,15511,16595,-130,3287,-3417,-1.0,39170.2383
2024-04-02,NASDAQ100_MINI,65399,70594,-5195,1290,-631,1921,1.0,18121.7793
2024-04-02,RUSSELL2000_MINI,74238,96411,-22173,2463,3089,-626,-0.1128,2065.04
2024-04-02,SP500,291608,360964,-69356,-5326,-99228,93902,0.8981,
2024-04-09,DOW_x5,28859,11898,16961,-3247,-3613,366,0.0534,38883.6719
2024-04-09,NASDAQ100_MINI,65942,58399,7543,543,-12195,12738,1.0,18169.9004
2024-04-09,RUSSELL2000_MINI,67862,95477,-27615,-6376,-934,-5442,-0.7445,2080.8
2024-04-09,SP500,286456,337968,-51512,-5152,-22996,17844,0.6339,
2024-04-16,DOW_x5,23705,10026,13679,-5154,-1872,-3282,-0.4671,37798.9688
2024-04-16,NASDAQ100_MINI,66139,57610,8529,197,-789,986,1.0,17713.6602
2024-04-16,RUSSELL2000_MINI,72012,110462,-38450,4150,14985,-10835,-0.5662,1967.48
2024-04-16,SP500,359023,276745,82278,72567,-61223,133790,1.0,
2024-04-23,DOW_x5,19266,12414,6852,-4439,2388,-6827,-1.0,38503.6914
2024-04-23,NASDAQ100_MINI,63431,57306,6125,-2708,-304,-2404,-0.7981,17471.4707
2024-04-23,RUSSELL2000_MINI,72411,108511,-36100,399,-1951,2350,1.0,2002.64
2024-04-23,SP500,329860,253148,76712,-29163,-23597,-5566,-0.1055,
2024-04-30,DOW_x5,17883,12685,5198,-1383,271,-1654,-1.0,37815.9219
2024-04-30,NASDAQ100_MINI,60312,57540,2772,-3119,234,-3353,-1.0,17440.6895
2024-04-30,RUSSELL2000_MINI,70255,110544,-40289,-2156,2033,-4189,-1.0,1973.91
2024-04-30,SP500,282529,231851,50678,-47331,-21297,-26034,-0.3793,
2024-05-07,DOW_x5,19305,10641,8664,1422,-2044,3466,1.0,38884.2617
2024-05-07,NASDAQ100_MINI,65234,60829,4405,4922,3289,1633,0.1989,18091.4492
2024-05-07,RUSSELL2000_MINI,72277,110277,-38000,2022,-267,2289,1.0,2064.6499
2024-05-07,SP500,264704,265202,-498,-17825,33351,-51176,-1.0,
2024-05-14,DOW_x5,24739,8966,15773,5434,-1675,7109,1.0,39558.1094
2024-05-14,NASDAQ100_MINI,68869,65699,3170,3635,4870,-1235,-0.1452,18322.7695
2024-05-14,RUSSELL2000_MINI,82124,114191,-32067,9847,3914,5933,0.4311,2085.6899
2024-05-14,SP500,271442,287961,-16519,6738,22759,-16021,-0.5431,
2024-05-21,DOW_x5,30672,10563,20109,5933,1597,4336,0.5758,39872.9883
2024-05-21,NASDAQ100_MINI,68460,63742,4718,-409,-1957,1548,0.6543,18713.8008
2024-05-21,RUSSELL2000_MINI,78859,116443,-37584,-3265,2252,-5517,-1.0,2098.3601
2024-05-21,SP500,302783,316553,-13770,31341,28592,2749,0.0459,
2024-05-28,DOW_x5,22285,9141,13144,-8387,-1422,-6965,-0.7101,38852.8594
2024-05-28,NASDAQ100_MINI,68402,72128,-3726,-58,8386,-8444,-1.0,18869.4395
2024-05-28,RUSSELL2000_MINI,82901,116746,-33845,4042,303,3739,0.8605,2066.8501
2024-05-28,SP500,329454,323261,6193,26671,6708,19963,0.5981,
2024-06-04,DOW_x5,21008,12722,8286,-1277,3581,-4858,-1.0,38711.2891
2024-06-04,NASDAQ100_MINI,60252,58255,1997,-8150,-13873,5723,0.2599,18654.8398
2024-06-04,RUSSELL2000_MINI,86068,120423,-34355,3167,3677,-510,-0.0745,2033.9399
2024-06-04,SP500,264295,317484,-53189,-65159,-5777,-59382,-0.8371,
2024-06-11,DOW_x5,20277,17113,3164,-731,4391,-5122,-1.0,38747.4219
2024-06-11,NASDAQ100_MINI,60795,68827,-8032,543,10572,-10029,-0.9023,19210.1797
2024-06-11,RUSSELL2000_MINI,76092,114387,-38295,-9976,-6036,-3940,-0.2461,2024.35
2024-06-11,SP500,269161,366965,-97804,4866,49481,-44615,-0.8209,
2024-06-18,DOW_x5,17190,15666,1524,-3087,-1447,-1640,-0.3617,38834.8594
2024-06-18,NASDAQ100_MINI,65102,68927,-3825,4307,100,4207,0.9546,19908.8594
2024-06-18,RUSSELL2000_MINI,61396,119244,-57848,-14696,4857,-19553,-1.0,2025.23
2024-06-18,SP500,314948,414841,-99893,45787,47876,-2089,-0.0223,
2024-06-25,DOW_x5,16170,16684,-514,-1020,1018,-2038,-1.0,39112.1602
2024-06-25,NASDAQ100_MINI,67869,60474,7395,2767,-8453,11220,1.0,19701.1309
2024-06-25,RUSSELL2000_MINI,59883,109904,-50021,-1513,-9340,7827,0.7212,2022.35
2024-06-25,SP500,270812,336917,-66105,-44136,-77924,33788,0.2768,
2024-07-02,DOW_x5,18305,11577,6728,2135,-5107,7242,1.0,39331.8516
2024-07-02,NASDAQ100_MINI,70185,59409,10776,2316,-1065,3381,1.0,20011.8906
2024-07-02,RUSSELL2000_MINI,57367,132802,-75435,-2516,22898,-25414,-1.0,2033.87
2024-07-02,SP500,317247,329859,-12612,46435,-7058,53493,1.0,
2024-07-09,DOW_x5,22317,14522,7795,4012,2945,1067,0.1534,39291.9688
2024-07-09,NASDAQ100_MINI,66337,61120,5217,-3848,1711,-5559,-1.0,20453.0195
2024-07-09,RUSSELL2000_MINI,55367,122993,-67626,-2000,-9809,7809,0.6613,2029.47
2024-07-09,SP500,309131,364840,-55709,-8116,34981,-43097,-1.0,
2024-07-16,DOW_x5,30568,15327,15241,8251,805,7446,0.8222,40954.4805
2024-07-16,NASDAQ100_MINI,64830,59148,5682,-1507,-1972,465,0.1337,20398.6191
2024-07-16,RUSSELL2000_MINI,89656,136993,-47337,34289,14000,20289,0.4202,2263.6699
2024-07-16,SP500,332812,400884,-68072,23681,36044,-12363,-0.207,
2024-07-23,DOW_x5,25941,14575,11366,-4627,-752,-3875,-0.7204,40358.0898
2024-07-23,NASDAQ100_MINI,51812,52425,-613,-13018,-6723,-6295,-0.3189,19754.3398
2024-07-23,RUSSELL2000_MINI,68424,125507,-57083,-21232,-11486,-9746,-0.2979,2243.27
2024-07-23,SP500,335324,351418,-16094,2512,-49466,51978,1.0,
2024-07-30,DOW_x5,27554,14016,13538,1613,-559,2172,1.0,40743.3281
2024-07-30,NASDAQ100_MINI,48377,45955,2422,-3435,-6470,3035,0.3064,18796.2695
2024-07-30,RUSSELL2000_MINI,74723,108708,-33985,6299,-16799,23098,1.0,2243.1399
2024-07-30,SP500,332421,324682,7739,-2903,-26736,23833,0.8041,
2024-08-06,DOW_x5,21484,14115,7369,-6070,99,-6169,-1.0,38997.6602
2024-08-06,NASDAQ100_MINI,50888,38277,12611,2511,-7678,10189,1.0,18077.9199
2024-08-06,RUSSELL2000_MINI,70303,72898,-2595,-4420,-35810,31390,0.7803,2064.3
2024-08-06,SP500,324949,297009,27940,-7472,-27673,20201,0.5748,
2024-08-13,DOW_x5,18012,16775,1237,-3472,2660,-6132,-1.0,39765.6406
2024-08-13,NASDAQ100_MINI,49051,40567,8484,-1837,2290,-4127,-1.0,19006.4297
2024-08-13,RUSSELL2000_MINI,65225,78481,-13256,-5078,5583,-10661,-1.0,2095.1899
2024-08-13,SP500,283430,312693,-29263,-41519,15684,-57203,-1.0,
2024-08-20,DOW_x5,22507,15779,6728,4495,-996,5491,1.0,40834.9688
2024-08-20,NASDAQ100_MINI,55674,44293,11381,6623,3726,2897,0.2799,19719.8203
2024-08-20,RUSSELL2000_MINI,64562,91689,-27127,-663,13208,-13871,-1.0,2142.1899
2024-08-20,SP500,277239,369397,-92158,-6191,56704,-62895,-1.0,
2024-08-27,DOW_x5,22190,13821,8369,-317,-1958,1641,0.7213,41250.5
2024-08-27,NASDAQ100_MINI,65461,44021,21440,9787,-272,10059,1.0,19581.5195
2024-08-27,RUSSELL2000_MINI,66764,82045,-15281,2202,-9644,11846,1.0,2203
2024-08-27,SP500,301079,390612,-89533,23840,21215,2625,0.0583,
2024-09-03,DOW_x5,19772,12636,7136,-2418,-1185,-1233,-0.3422,40936.9297
2024-09-03,NASDAQ100_MINI,67895,41907,25988,2434,-2114,4548,1.0,18958.7402
2024-09-03,RUSSELL2000_MINI,77438,77178,260,10674,-4867,15541,1.0,2149.21
2024-09-03,SP500,321006,375827,-54821,19927,-14785,34712,1.0,
2024-09-10,DOW_x5,19636,11468,8168,-136,-1168,1032,0.7914,40736.9609
2024-09-10,NASDAQ100_MINI,69833,44207,25626,1938,2300,-362,-0.0854,18829.1406
2024-09-10,RUSSELL2000_MINI,88136,82409,5727,10698,5231,5467,0.3432,2097.4399
2024-09-10,SP500,336030,401324,-65294,15024,25497,-10473,-0.2585,
2024-09-17,DOW_x5,22588,7974,14614,2952,-3494,6446,1.0,41606.1797
2024-09-17,NASDAQ100_MINI,68287,49054,19233,-1546,4847,-6393,-1.0,19432.4004
2024-09-17,RUSSELL2000_MINI,78186,75200,2986,-9950,-7209,-2741,-0.1597,2205.48
2024-09-17,SP500,299991,428078,-128087,-36039,26754,-62793,-1.0,
2024-09-24,DOW_x5,23223,7787,15436,635,-187,822,1.0,42208.2188
2024-09-24,NASDAQ100_MINI,52615,36576,16039,-15672,-12478,-3194,-0.1135,19944.8398
2024-09-24,RUSSELL2000_MINI,85342,63435,21907,7156,-11765,18921,1.0,2223.99
2024-09-24,SP500,290716,326849,-36133,-9275,-101229,91954,0.8321,
2024-10-01,DOW_x5,25145,8095,17050,1922,308,1614,0.7238,42156.9688
2024-10-01,NASDAQ100_MINI,56497,40418,16079,3882,3842,40,0.0052,19773.3008
2024-10-01,RUSSELL2000_MINI,85570,65221,20349,228,1786,-1558,-0.7736,2197.03
2024-10-01,SP500,310790,302790,8000,20074,-24059,44133,1.0,
2024-10-08,DOW_x5,20585,6299,14286,-4560,-1796,-2764,-0.4349,42080.3711
2024-10-08,NASDAQ100_MINI,57058,43763,13295,561,3345,-2784,-0.7127,20107.7793
2024-10-08,RUSSELL2000_MINI,78784,73777,5007,-6786,8556,-15342,-1.0,2194.98
2024-10-08,SP500,322859,327691,-4832,12069,24901,-12832,-0.3471,
2024-10-15,DOW_x5,23414,10698,12716,2829,4399,-1570,-0.2172,42740.4219
2024-10-15,NASDAQ100_MINI,48843,47439,1404,-8215,3676,-11891,-1.0,20159.8301
2024-10-15,RUSSELL2000_MINI,94562,68225,26337,15778,-5552,21330,1.0,2249.8201
2024-10-15,SP500,352206,321528,30678,29347,-6163,35510,1.0,
2024-10-22,DOW_x5,24760,12524,12236,1346,1826,-480,-0.1513,42924.8906
2024-10-22,NASDAQ100_MINI,48989,46329,2660,146,-1110,1256,1.0,20390.4609
2024-10-22,RUSSELL2000_MINI,81666,62879,18787,-12896,-5346,-7550,-0.4139,2231.53
2024-10-22,SP500,360183,335020,25163,7977,13492,-5515,-0.2569,
2024-10-29,DOW_x5,23118,13493,9625,-1642,969,-2611,-1.0,42233.0508
2024-10-29,NASDAQ100_MINI,57891,52769,5122,8902,6440,2462,0.1605,20550.6504
2024-10-29,RUSSELL2000_MINI,78765,66822,11943,-2901,3943,-6844,-1.0,2238.0901
2024-10-29,SP500,367843,299479,68364,7660,-35541,43201,1.0,
2024-11-05,DOW_x5,24195,11264,12931,1077,-2229,3306,1.0,42221.8789
2024-11-05,NASDAQ100_MINI,62784,46692,16092,4893,-6077,10970,1.0,20227.4609
2024-11-05,RUSSELL2000_MINI,80594,71802,8792,1829,4980,-3151,-0.4628,2260.8401
2024-11-05,SP500,376962,256381,120581,9119,-43098,52217,1.0,
2024-11-12,DOW_x5,26664,12998,13666,2469,1734,735,0.1749,43910.9805
2024-11-12,NASDAQ100_MINI,71007,54627,16380,8223,7935,288,0.0178,21070.7891
2024-11-12,RUSSELL2000_MINI,81169,72775,8394,575,973,-398,-0.2571,2391.8501
2024-11-12,SP500,362908,329249,33659,-14054,72868,-86922,-1.0,
2024-11-19,DOW_x5,19992,11727,8265,-6672,-1271,-5401,-0.68,43268.9414
2024-11-19,NASDAQ100_MINI,66681,46878,19803,-4326,-7749,3423,0.2835,20684.5898
2024-11-19,RUSSELL2000_MINI,77154,74009,3145,-4015,1234,-5249,-1.0,2324.8301
2024-11-19,SP500,350116,307665,42451,-12792,-21584,8792,0.2558,
2024-11-26,DOW_x5,24598,12546,12052,4606,819,3787,0.6981,44860.3086
2024-11-26,NASDAQ100_MINI,74155,54696,19459,7474,7818,-344,-0.0225,20922.9004
2024-11-26,RUSSELL2000_MINI,68400,71012,-2612,-8754,-2997,-5757,-0.4899,2424.3101
2024-11-26,SP500,272149,342508,-70359,-77967,34843,-112810,-1.0,
2024-12-03,DOW_x5,26196,15696,10500,1598,3150,-1552,-0.3269,44705.5313
2024-12-03,NASDAQ100_MINI,89355,59664,29691,15200,4968,10232,0.5073,21229.3203
2024-12-03,RUSSELL2000_MINI,65152,76726,-11574,-3248,5714,-8962,-1.0,2416.3501
2024-12-03,SP500,262910,362521,-99611,-9239,20013,-29252,-1.0,
2024-12-10,DOW_x5,23614,12543,11071,-2582,-3153,571,0.0996,44247.8281
2024-12-10,NASDAQ100_MINI,91735,56162,35573,2380,-3502,5882,1.0,21368.1797
2024-12-10,RUSSELL2000_MINI,74100,76257,-2157,8948,-469,9417,1.0,2382.77
2024-12-10,SP500,290379,364495,-74116,27469,1974,25495,0.8659,
2024-12-17,DOW_x5,20780,13259,7521,-2834,716,-3550,-1.0,43449.8984
2024-12-17,NASDAQ100_MINI,94151,58069,36082,2416,1907,509,0.1177,22001.0801
2024-12-17,RUSSELL2000_MINI,72290,72706,-416,-1810,-3551,1741,0.3248,2334.0801
2024-12-17,SP500,319777,348339,-28562,29398,-16156,45554,1.0,
2024-12-24,DOW_x5,18570,12595,5975,-2210,-664,-1546,-0.5379,43297.0313
2024-12-24,NASDAQ100_MINI,78280,51048,27232,-15871,-7021,-8850,-0.3866,21797.6504
2024-12-24,RUSSELL2000_MINI,60575,62243,-1668,-11715,-10463,-1252,-0.0565,2259.8501
2024-12-24,SP500,275235,339731,-64496,-44542,-8608,-35934,-0.6761,
2024-12-31,DOW_x5,17408,12768,4640,-1162,173,-1335,-1.0,42544.2188
2024-12-31,NASDAQ100_MINI,73369,49461,23908,-4911,-1587,-3324,-0.5115,21012.1699
2024-12-31,RUSSELL2000_MINI,64463,66613,-2150,3888,4370,-482,-0.0584,2230.1599
2024-12-31,SP500,260872,318123,-57251,-14363,-21608,7245,0.2014,
2025-01-07,DOW_x5,15722,12963,2759,-1686,195,-1881,-1.0,42528.3594
2025-01-07,NASDAQ100_MINI,70775,52005,18770,-2594,2544,-5138,-1.0,21173.0391
2025-01-07,RUSSELL2000_MINI,69151,72335,-3184,4688,5722,-1034,-0.0993,2249.8
2025-01-07,SP500,264084,327621,-63537,3212,9498,-6286,-0.4946,
2025-01-14,DOW_x5,14679,13233,1446,-1043,270,-1313,-1.0,42518.2813
2025-01-14,NASDAQ100_MINI,62849,52315,10534,-7926,310,-8236,-1.0,20757.4102
2025-01-14,RUSSELL2000_MINI,67859,68954,-1095,-1292,-3381,2089,0.447,2219.24
2025-01-14,SP500,256396,289250,-32854,-7688,-38371,30683,0.6662,
2025-01-21,DOW_x5,13377,11050,2327,-1302,-2183,881,0.2528,44025.8086
2025-01-21,NASDAQ100_MINI,71503,53014,18489,8654,699,7955,0.8505,21566.5098
2025-01-21,RUSSELL2000_MINI,50530,71557,-21027,-17329,2603,-19932,-1.0,2317.97
2025-01-21,SP500,262139,340136,-77997,5743,50886,-45143,-0.7972,
2025-01-28,DOW_x5,14703,12969,1734,1326,1919,-593,-0.1827,44850.3516
2025-01-28,NASDAQ100_MINI,85687,54996,30691,14184,1982,12202,0.7548,21463.0391
2025-01-28,RUSSELL2000_MINI,49368,71403,-22035,-1162,-154,-1008,-0.766,2288.8601
2025-01-28,SP500,249000,306901,-57901,-13139,-33235,20096,0.4333,
2025-02-04,DOW_x5,13205,11484,1721,-1498,-1485,-13,-0.0044,44556.0391
2025-02-04,NASDAQ100_MINI,75804,56826,18978,-9883,1830,-11713,-1.0,21566.9199
2025-02-04,RUSSELL2000_MINI,44118,71616,-27498,-5250,213,-5463,-1.0,2290.21
2025-02-04,SP500,306922,312995,-6073,57922,6094,51828,0.8096,
2025-02-11,DOW_x5,14179,11302,2877,974,-182,1156,1.0,44593.6484
2025-02-11,NASDAQ100_MINI,73511,60075,13436,-2293,3249,-5542,-1.0,21693.5195
2025-02-11,RUSSELL2000_MINI,41084,73548,-32464,-3034,1932,-4966,-1.0,2275.7
2025-02-11,SP500,334397,351253,-16856,27475,38258,-10783,-0.164,
2025-02-18,DOW_x5,14232,15276,-1044,53,3974,-3921,-0.9737,44556.3398
2025-02-18,NASDAQ100_MINI,87917,78089,9828,14406,18014,-3608,-0.1113,22164.6094
2025-02-18,RUSSELL2000_MINI,42482,72288,-29806,1398,-1260,2658,1.0,2290.3501
2025-02-18,SP500,313845,353895,-40050,-20552,2642,-23194,-1.0,
2025-02-25,DOW_x5,16286,17197,-911,2054,1921,133,0.0335,43621.1602
2025-02-25,NASDAQ100_MINI,83882,58105,25777,-4035,-19984,15949,0.664,21087.25
2025-02-25,RUSSELL2000_MINI,51610,72941,-21331,9128,653,8475,0.8665,2170.0801
2025-02-25,SP500,300070,332789,-32719,-13775,-21106,7331,0.2102,
2025-03-04,DOW_x5,15227,14117,1110,-1059,-3080,2021,0.4883,42520.9883
2025-03-04,NASDAQ100_MINI,82749,60983,21766,-1133,2878,-4011,-1.0,20352.5293
2025-03-04,RUSSELL2000_MINI,66840,71414,-4574,15230,-1527,16757,1.0,2079.53
2025-03-04,SP500,365541,330730,34811,65471,-2059,67530,1.0,
2025-03-11,DOW_x5,12951,10879,2072,-2276,-3238,962,0.1745,41433.4805
2025-03-11,NASDAQ100_MINI,82585,59856,22729,-164,-1127,963,0.7459,19376.9609
2025-03-11,RUSSELL2000_MINI,77188,82364,-5176,10348,10950,-602,-0.0283,2023.59
2025-03-11,SP500,380126,294814,85312,14585,-35916,50501,1.0,
2025-03-18,DOW_x5,10733,9460,1273,-2218,-1419,-799,-0.2197,41581.3086
2025-03-18,NASDAQ100_MINI,76491,53495,22996,-6094,-6361,267,0.0214,19483.3594
2025-03-18,RUSSELL2000_MINI,74922,85130,-10208,-2266,2766,-5032,-1.0,2049.9399
2025-03-18,SP500,342040,266748,75292,-38086,-28066,-10020,-0.1515,
2025-03-25,DOW_x5,8894,13100,-4206,-1839,3640,-5479,-1.0,42587.5
2025-03-25,NASDAQ100_MINI,61767,53078,8689,-14724,-417,-14307,-0.9449,20287.8301
2025-03-25,RUSSELL2000_MINI,63721,79066,-15345,-11201,-6064,-5137,-0.2975,2095.3799
2025-03-25,SP500,263440,317664,-54224,-78600,50916,-129516,-1.0,
2025-04-01,DOW_x5,9846,12450,-2604,952,-650,1602,1.0,41989.9609
2025-04-01,NASDAQ100_MINI,70420,55242,15178,8653,2164,6489,0.5999,19436.4199
2025-04-01,RUSSELL2000_MINI,70029,87200,-17171,6308,8134,-1826,-0.1264,2012.24
2025-04-01,SP500,299935,321026,-21091,36495,3362,33133,0.8313,
2025-04-08,DOW_x5,9192,7872,1320,-654,-4578,3924,0.75,37645.5898
2025-04-08,NASDAQ100_MINI,73557,49293,24264,3137,-5949,9086,1.0,17090.4004
2025-04-08,RUSSELL2000_MINI,85645,98390,-12745,15616,11190,4426,0.1651,1760.71
2025-04-08,SP500,319844,350897,-31053,19909,29871,-9962,-0.2001,
2025-04-15,DOW_x5,8422,8181,241,-770,309,-1079,-1.0,40368.9609
2025-04-15,NASDAQ100_MINI,72564,40770,31794,-993,-8523,7530,0.7913,18830.2305
2025-04-15,RUSSELL2000_MINI,82713,82034,679,-2932,-16356,13424,0.696,1882.92
2025-04-15,SP500,253575,317597,-64022,-66269,-33300,-32969,-0.3311,
2025-04-22,DOW_x5,9623,8736,887,1201,555,646,0.3679,39186.9805
2025-04-22,NASDAQ100_MINI,76663,38983,37680,4099,-1787,5886,1.0,18276.4102
2025-04-22,RUSSELL2000_MINI,83303,90022,-6719,590,7988,-7398,-0.8624,1890.28
2025-04-22,SP500,262329,338204,-75875,8754,20607,-11853,-0.4037,
2025-04-29,DOW_x5,13202,7653,5549,3579,-1083,4662,1.0,40527.6211
2025-04-29,NASDAQ100_MINI,77026,46163,30863,363,7180,-6817,-0.9038,19544.9492
2025-04-29,RUSSELL2000_MINI,84850,85256,-406,1547,-4766,6313,1.0,1976.52
2025-04-29,SP500,238841,318072,-79231,-23488,-20132,-3356,-0.0769,
2025-05-06,DOW_x5,12694,6899,5795,-508,-754,246,0.1949,40829
2025-05-06,NASDAQ100_MINI,85091,52244,32847,8065,6081,1984,0.1403,19791.3496
2025-05-06,RUSSELL2000_MINI,75021,89849,-14828,-9829,4593,-14422,-1.0,1983.1899
2025-05-06,SP500,249517,328527,-79010,10676,10455,221,0.0105,
2025-05-13,DOW_x5,13259,6145,7114,565,-754,1319,1.0,42140.4297
2025-05-13,NASDAQ100_MINI,85720,66173,19547,629,13929,-13300,-0.9136,21197.6992
2025-05-13,RUSSELL2000_MINI,62021,90377,-28356,-13000,528,-13528,-1.0,2102.3501
2025-05-13,SP500,241190,361081,-119891,-8327,32554,-40881,-1.0,
2025-05-20,DOW_x5,14117,5970,8147,858,-175,1033,1.0,42677.2383
2025-05-20,NASDAQ100_MINI,82637,68107,14530,-3083,1934,-5017,-1.0,21367.3691
2025-05-20,RUSSELL2000_MINI,72733,78480,-5747,10712,-11897,22609,1.0,2105.5801
2025-05-20,SP500,243569,338968,-95399,2379,-22113,24492,1.0,
2025-05-27,DOW_x5,16567,5389,11178,2450,-581,3031,1.0,42343.6484
2025-05-27,NASDAQ100_MINI,85026,67994,17032,2389,-113,2502,1.0,21414.9902
2025-05-27,RUSSELL2000_MINI,75186,79643,-4457,2453,1163,1290,0.3567,2090.3999
2025-05-27,SP500,256386,308733,-52347,12817,-30235,43052,1.0,
2025-06-03,DOW_x5,17459,6482,10977,892,1093,-201,-0.1013,42519.6406
2025-06-03,NASDAQ100_MINI,82789,68119,14670,-2237,125,-2362,-1.0,21662.5801
2025-06-03,RUSSELL2000_MINI,79926,91971,-12045,4740,12328,-7588,-0.4446,2102.98
2025-06-03,SP500,250353,319981,-69628,-6033,11248,-17281,-1.0,
2025-06-10,DOW_x5,18640,8320,10320,1181,1838,-657,-0.2176,42866.8711
2025-06-10,NASDAQ100_MINI,84033,66306,17727,1244,-1813,3057,1.0,21941.9199
2025-06-10,RUSSELL2000_MINI,70437,101266,-30829,-9489,9295,-18784,-1.0,2156.4099
2025-06-10,SP500,215371,343340,-127969,-34982,23359,-58341,-1.0,
2025-06-17,DOW_x5,20176,8994,11182,1536,674,862,0.39,42215.8008
2025-06-17,NASDAQ100_MINI,83169,67475,15694,-864,1169,-2033,-1.0,21719.0801
2025-06-17,RUSSELL2000_MINI,72514,112261,-39747,2077,10995,-8918,-0.6822,2101.96
2025-06-17,SP500,221600,399094,-177494,6229,55754,-49525,-0.799,
2025-06-24,DOW_x5,14950,8564,6386,-5226,-430,-4796,-0.8479,43089.0195
2025-06-24,NASDAQ100_MINI,76652,60143,16509,-6517,-7332,815,0.0588,22190.5195
2025-06-24,RUSSELL2000_MINI,76247,107076,-30829,3733,-5185,8918,1.0,2161.21
2025-06-24,SP500,212384,357729,-145345,-9216,-41365,32149,0.6356,
2025-07-01,DOW_x5,16389,10245,6144,1439,1681,-242,-0.0776,44494.9414
2025-07-01,NASDAQ100_MINI,78223,51087,27136,1571,-9056,10627,1.0,22478.1309
2025-07-01,RUSSELL2000_MINI,63530,121915,-58385,-12717,14839,-27556,-1.0,2197.54
2025-07-01,SP500,245028,328053,-83025,32644,-29676,62320,1.0,
2025-07-08,DOW_x5,15147,10844,4303,-1242,599,-1841,-1.0,44240.7617
2025-07-08,NASDAQ100_MINI,81547,50336,31211,3324,-751,4075,1.0,22702.25
2025-07-08,RUSSELL2000_MINI,60139,127260,-67121,-3391,5345,-8736,-1.0,2228.74
2025-07-08,SP500,233049,370088,-137039,-11979,42035,-54014,-1.0,
2025-07-15,DOW_x5,15546,12014,3532,399,1170,-771,-0.4914,44023.2891
2025-07-15,NASDAQ100_MINI,85897,51005,34892,4350,669,3681,0.7334,22884.5898
2025-07-15,RUSSELL2000_MINI,52767,125382,-72615,-7372,-1878,-5494,-0.5939,2205.05
2025-07-15,SP500,233665,399317,-165652,616,29229,-28613,-0.9587,
2025-07-22,DOW_x5,13554,12952,602,-1992,938,-2930,-1.0,44502.4414
2025-07-22,NASDAQ100_MINI,76429,45701,30728,-9468,-5304,-4164,-0.2819,23063.5801
2025-07-22,RUSSELL2000_MINI,54455,126647,-72192,1688,1265,423,0.1432,2248.76
2025-07-22,SP500,220971,386433,-165462,-12694,-12884,190,0.0074,
2025-07-29,DOW_x5,11943,14888,-2945,-1611,1936,-3547,-1.0,44632.9883
2025-07-29,NASDAQ100_MINI,85010,50056,34954,8581,4355,4226,0.3267,23308.3008
2025-07-29,RUSSELL2000_MINI,54259,135155,-80896,-196,8508,-8704,-1.0,2242.96
2025-07-29,SP500,233484,393003,-159519,12513,6570,5943,0.3114,
2025-08-05,DOW_x5,9770,13685,-3915,-2173,-1203,-970,-0.2873,44111.7383
2025-08-05,NASDAQ100_MINI,86551,52715,33836,1541,2659,-1118,-0.2662,23018.5605
2025-08-05,RUSSELL2000_MINI,52743,146490,-93747,-1516,11335,-12851,-1.0,2225.6699
2025-08-05,SP500,233328,376425,-143097,-156,-16578,16422,0.9814,
2025-08-12,DOW_x5,10975,13479,-2504,1205,-206,1411,1.0,44458.6094
2025-08-12,NASDAQ100_MINI,97915,55603,42312,11364,2888,8476,0.5947,23839.1992
2025-08-12,RUSSELL2000_MINI,54779,150010,-95231,2036,3520,-1484,-0.2671,2282.78
2025-08-12,SP500,223653,419609,-195956,-9675,43184,-52859,-1.0,
2025-08-19,DOW_x5,12445,15386,-2941,1470,1907,-437,-0.1294,44922.2695
2025-08-19,NASDAQ100_MINI,87625,53780,33845,-10290,-1823,-8467,-0.699,23384.7695
2025-08-19,RUSSELL2000_MINI,55297,134691,-79394,518,-15319,15837,1.0,2276.6101
2025-08-19,SP500,222602,397664,-175062,-1051,-21945,20894,0.9086,
2025-08-26,DOW_x5,10601,13204,-2603,-1844,-2182,338,0.084,45418.0703
2025-08-26,NASDAQ100_MINI,89500,53418,36082,1875,-362,2237,1.0,23525.2891
2025-08-26,RUSSELL2000_MINI,58291,125131,-66840,2994,-9560,12554,1.0,2358.6001
2025-08-26,SP500,224647,414391,-189744,2045,16727,-14682,-0.7821,
2025-09-02,DOW_x5,7518,11781,-4263,-3083,-1423,-1660,-0.3684,45295.8086
2025-09-02,NASDAQ100_MINI,79561,64117,15444,-9939,10699,-20638,-1.0,23231.1094
2025-09-02,RUSSELL2000_MINI,62429,122767,-60338,4138,-2364,6502,1.0,2352.21
2025-09-02,SP500,221081,380883,-159802,-3566,-33508,29942,0.8076,
2025-09-09,DOW_x5,10676,12365,-1689,3158,584,2574,0.6879,45711.3398
2025-09-09,NASDAQ100_MINI,88779,63306,25473,9218,-811,10029,1.0,23839.8008
2025-09-09,RUSSELL2000_MINI,59625,131874,-72249,-2804,9107,-11911,-1.0,2381.8201
2025-09-09,SP500,231411,405018,-173607,10330,24135,-13805,-0.4006,
2025-09-16,DOW_x5,7181,16524,-9343,-3495,4159,-7654,-1.0,45757.8984
2025-09-16,NASDAQ100_MINI,90185,72379,17806,1406,9073,-7667,-0.7317,24274.25
2025-09-16,RUSSELL2000_MINI,50479,136313,-85834,-9146,4439,-13585,-1.0,2403.03
2025-09-16,SP500,220895,443842,-222947,-10516,38824,-49340,-1.0,
2025-09-23,DOW_x5,13217,13194,23,6036,-3330,9366,1.0,46292.7813
2025-09-23,NASDAQ100_MINI,89971,66566,23405,-214,-5813,5599,0.929,24580.1699
2025-09-23,RUSSELL2000_MINI,35909,87894,-51985,-14570,-48419,33849,0.5374,2457.51
2025-09-23,SP500,229106,401946,-172840,8211,-41896,50107,1.0,
2025-09-30,DOW_x5,8387,23116,-14729,-4830,9922,-14752,-1.0,46397.8906
2025-09-30,NASDAQ100_MINI,89879,48871,41008,-92,-17695,17603,0.9897,24679.9902
2025-09-30,RUSSELL2000_MINI,34977,86881,-51904,-932,-1013,81,0.0416,2436.48
2025-09-30,SP500,226099,361436,-135337,-3007,-40510,37503,0.8618,
2025-10-07,DOW_x5,10816,23496,-12680,2429,380,2049,0.7294,46602.9805
2025-10-07,NASDAQ100_MINI,93208,49867,43341,3329,996,2333,0.5394,24840.2305
2025-10-07,RUSSELL2000_MINI,38727,98232,-59505,3750,11351,-7601,-0.5033,2458.4199
2025-10-07,SP500,229997,372374,-142377,3898,10938,-7040,-0.4745,
2025-10-14,DOW_x5,9390,23015,-13625,-1426,-481,-945,-0.4955,46270.4609
2025-10-14,NASDAQ100_MINI,91955,39128,52827,-1253,-10739,9486,0.791,24579.3203
2025-10-14,RUSSELL2000_MINI,34409,86220,-51811,-4318,-12012,7694,0.4712,2495.5
2025-10-14,SP500,213179,379748,-166569,-16818,7374,-24192,-1.0,
2025-10-21,DOW_x5,13148,24409,-11261,3758,1394,2364,0.4589,46924.7383
2025-10-21,NASDAQ100_MINI,100979,52117,48862,9024,12989,-3965,-0.1801,25127.1309
2025-10-21,RUSSELL2000_MINI,31758,93729,-61971,-2651,7509,-10160,-1.0,2487.6899
2025-10-21,SP500,220956,364909,-143953,7777,-14839,22616,1.0,
2025-10-28,DOW_x5,13775,22987,-9212,627,-1422,2049,1.0,47706.3711
2025-10-28,NASDAQ100_MINI,100774,58472,42302,-205,6355,-6560,-1.0,26012.1504
2025-10-28,RUSSELL2000_MINI,35143,96352,-61209,3385,2623,762,0.1268,2506.6499
2025-10-28,SP500,218351,367205,-148854,-2605,2296,-4901,-1.0,
2025-11-04,DOW_x5,11314,23012,-11698,-2461,25,-2486,-1.0,47085.2383
2025-11-04,NASDAQ100_MINI,93977,45806,48171,-6797,-12666,5869,0.3015,25435.6992
2025-11-04,RUSSELL2000_MINI,38056,96866,-58810,2913,514,2399,0.7,2427.3401
2025-11-04,SP500,219736,381342,-161606,1385,14137,-12752,-0.8215,
2025-11-10,DOW_x5,9350,23116,-13766,-1964,104,-2068,-1.0,47368.6289
2025-11-10,NASDAQ100_MINI,101626,51810,49816,7649,6004,1645,0.1205,25611.7402
2025-11-10,RUSSELL2000_MINI,37510,93894,-56384,-546,-2972,2426,0.6896,2455.6499
2025-11-10,SP500,225883,376703,-150820,6147,-4639,10786,1.0,
2025-11-18,DOW_x5,8567,26628,-18061,-783,3512,-4295,-1.0,46091.7383
2025-11-18,NASDAQ100_MINI,99459,53049,46410,-2167,1239,-3406,-1.0,24503.0996
2025-11-18,RUSSELL2000_MINI,43239,107980,-64741,5729,14086,-8357,-0.4218,2348.74
2025-11-18,SP500,222977,363875,-140898,-2906,-12828,9922,0.6306,
2025-11-25,DOW_x5,6100,27113,-21013,-2467,485,-2952,-1.0,47112.4492
2025-11-25,NASDAQ100_MINI,104939,47546,57393,5480,-5503,10983,1.0,25018.3594
2025-11-25,RUSSELL2000_MINI,47405,85361,-37956,4166,-22619,26785,1.0,2465.98
2025-11-25,SP500,238788,385717,-146929,15811,21842,-6031,-0.1602,
2025-12-02,DOW_x5,5972,25721,-19749,-128,-1392,1264,0.8316,47474.4609
2025-12-02,NASDAQ100_MINI,107949,59631,48318,3010,12085,-9075,-0.6012,25555.8594
2025-12-02,RUSSELL2000_MINI,54263,82677,-28414,6858,-2684,9542,1.0,2464.98
2025-12-02,SP500,222060,410753,-188693,-16728,25036,-41764,-1.0,
2025-12-09,DOW_x5,7983,26161,-18178,2011,440,1571,0.641,47560.2891
2025-12-09,NASDAQ100_MINI,109764,61713,48051,1815,2082,-267,-0.0685,25668.6895
2025-12-09,RUSSELL2000_MINI,63300,82617,-19317,9037,-60,9097,1.0,2526.24
2025-12-09,SP500,222319,406201,-183882,259,-4552,4811,1.0,
2025-12-16,DOW_x5,9200,26174,-16974,1217,13,1204,0.9789,48114.2617
2025-12-16,NASDAQ100_MINI,116486,70110,46376,6722,8397,-1675,-0.1108,25132.9395
2025-12-16,RUSSELL2000_MINI,77332,67250,10082,14032,-15367,29399,1.0,2519.3
2025-12-16,SP500,237159,396068,-158909,14840,-10133,24973,1.0,
2025-12-23,DOW_x5,10845,10975,-130,1645,-15199,16844,1.0,48442.4102
2025-12-23,NASDAQ100_MINI,93633,61800,31833,-22853,-8310,-14543,-0.4667,25587.8301
2025-12-23,RUSSELL2000_MINI,70747,72948,-2201,-6585,5698,-12283,-1.0,2541.1201
2025-12-23,SP500,241445,323951,-82506,4286,-72117,76403,1.0,
2025-12-30,DOW_x5,10476,10966,-490,-369,-9,-360,-0.9524,48367.0586
2025-12-30,NASDAQ100_MINI,96807,71756,25051,3174,9956,-6782,-0.5165,25462.5605
2025-12-30,RUSSELL2000_MINI,66112,69743,-3631,-4635,-3205,-1430,-0.1824,2500.5901
2025-12-30,SP500,226425,320988,-94563,-15020,-2963,-12057,-0.6705,
2026-01-06,DOW_x5,15100,10993,4107,4624,27,4597,0.9884,49462.0781
2026-01-06,NASDAQ100_MINI,97312,64726,32586,505,-7030,7535,1.0,25639.7109
2026-01-06,RUSSELL2000_MINI,67059,69162,-2103,947,-581,1528,1.0,2582.8999
2026-01-06,SP500,229031,334753,-105722,2606,13765,-11159,-0.6816,
2026-01-13,DOW_x5,17348,16711,637,2248,5718,-3470,-0.4356,49191.9883
2026-01-13,NASDAQ100_MINI,97781,68640,29141,469,3914,-3445,-0.786,25741.9492
2026-01-13,RUSSELL2000_MINI,80925,69488,11437,13866,326,13540,0.9541,2633.1101
2026-01-13,SP500,248451,370047,-121596,19420,35294,-15874,-0.2901,
2026-01-20,DOW_x5,17652,20923,-3271,304,4212,-3908,-0.8654,48488.5898
2026-01-20,NASDAQ100_MINI,85485,64351,21134,-12296,-4289,-8007,-0.4828,24987.5703
2026-01-20,RUSSELL2000_MINI,93332,72769,20563,12407,3281,9126,0.5817,2645.3601
2026-01-20,SP500,245253,328095,-82842,-3198,-41952,38754,0.8583,
2026-01-27,DOW_x5,20044,18900,1144,2392,-2023,4415,1.0,49003.4102
2026-01-27,NASDAQ100_MINI,89479,61324,28155,3994,-3027,7021,1.0,25939.7402
2026-01-27,RUSSELL2000_MINI,101563,89236,12327,8231,16467,-8236,-0.3335,2666.7
2026-01-27,SP500,244723,342470,-97747,-530,14375,-14905,-1.0,
2026-02-03,DOW_x5,20011,18964,1047,-33,64,-97,-1.0,49240.9883
2026-02-03,NASDAQ100_MINI,83886,69699,14187,-5593,8375,-13968,-1.0,25338.6191
2026-02-03,RUSSELL2000_MINI,92836,88538,4298,-8727,-698,-8029,-0.8519,2648.5
2026-02-03,SP500,244946,374275,-129329,223,31805,-31582,-0.9861,
2026-02-10,DOW_x5,21749,20284,1465,1738,1320,418,0.1367,50188.1406
2026-02-10,NASDAQ100_MINI,82196,68836,13360,-1690,-863,-827,-0.3239,25127.6406
2026-02-10,RUSSELL2000_MINI,90625,83564,7061,-2211,-4974,2763,0.3846,2679.77
2026-02-10,SP500,240164,340878,-100714,-4782,-33397,28615,0.7495,
2026-02-17,DOW_x5,20072,21607,-1535,-1677,1323,-3000,-1.0,49533.1914
2026-02-17,NASDAQ100_MINI,89273,64863,24410,7077,-3973,11050,1.0,24701.5996
2026-02-17,RUSSELL2000_MINI,72400,79486,-7086,-18225,-4078,-14147,-0.6343,2646.5901
2026-02-17,SP500,195857,369091,-173234,-44307,28213,-72520,-1.0,
2026-02-24,DOW_x5,20224,17784,2440,152,-3823,3975,1.0,49174.5
2026-02-24,NASDAQ100_MINI,80310,69523,10787,-8963,4660,-13623,-1.0,24977.0391
2026-02-24,RUSSELL2000_MINI,79380,82311,-2931,6980,2825,4155,0.4238,2652.3301
2026-02-24,SP500,200838,388452,-187614,4981,19361,-14380,-0.5907,
2026-03-03,DOW_x5,19178,20518,-1340,-1046,2734,-3780,-1.0,48501.2695
2026-03-03,NASDAQ100_MINI,76598,74212,2386,-3712,4689,-8401,-1.0,24720.0801
2026-03-03,RUSSELL2000_MINI,82455,89277,-6822,3075,6966,-3891,-0.3875,2608.3601
2026-03-03,SP500,207493,372947,-165454,6655,-15505,22160,1.0,
2026-03-10,DOW_x5,14846,16962,-2116,-4332,-3556,-776,-0.0984,47706.5117
2026-03-10,NASDAQ100_MINI,77887,52958,24929,1289,-21254,22543,1.0,24956.4707
2026-03-10,RUSSELL2000_MINI,70091,97729,-27638,-12364,8452,-20816,-1.0,2548.0801
2026-03-10,SP500,196936,333111,-136175,-10557,-39836,29279,0.581,
2026-03-17,DOW_x5,14550,15270,-720,-296,-1692,1396,0.7022,46993.2617
2026-03-17,NASDAQ100_MINI,78111,54029,24082,224,1071,-847,-0.6541,24780.4199
2026-03-17,RUSSELL2000_MINI,61030,94538,-33508,-9061,-3191,-5870,-0.4791,2519.99
2026-03-17,SP500,204277,316829,-112552,7341,-16282,23623,1.0,
2026-03-24,DOW_x5,5330,11893,-6563,-9220,-3377,-5843,-0.4638,46124.0586
2026-03-24,NASDAQ100_MINI,69518,62895,6623,-8593,8866,-17459,-1.0,24002.4492
2026-03-24,RUSSELL2000_MINI,63365,90655,-27290,2335,-3883,6218,1.0,2505.4399
2026-03-24,SP500,213588,291431,-77843,9311,-25398,34709,1.0,
2026-03-31,DOW_x5,6310,11352,-5042,980,-541,1521,1.0,46341.5117
2026-03-31,NASDAQ100_MINI,78628,58028,20600,9110,-4867,13977,1.0,23740.1895
2026-03-31,RUSSELL2000_MINI,65925,83787,-17862,2560,-6868,9428,1.0,2496.3701
2026-03-31,SP500,239619,278406,-38787,26031,-13025,39056,1.0,
2026-04-07,DOW_x5,5015,14589,-9574,-1295,3237,-4532,-1.0,46584.4609
2026-04-07,NASDAQ100_MINI,72783,60258,12525,-5845,2230,-8075,-1.0,24202.3691
2026-04-07,RUSSELL2000_MINI,67937,81912,-13975,2012,-1875,3887,1.0,2544.95
2026-04-07,SP500,230957,274065,-43108,-8662,-4341,-4321,-0.3323,
2026-04-14,DOW_x5,7504,12580,-5076,2489,-2009,4498,1.0,48535.9883
2026-04-14,NASDAQ100_MINI,72085,61264,10821,-698,1006,-1704,-1.0,25842
2026-04-14,RUSSELL2000_MINI,74311,83645,-9334,6374,1733,4641,0.5725,2705.6699
2026-04-14,SP500,233239,348126,-114887,2282,74061,-71779,-0.9402,
2026-04-21,DOW_x5,10356,13353,-2997,2852,773,2079,0.5735,49149.3789
2026-04-21,NASDAQ100_MINI,75352,65913,9439,3267,4649,-1382,-0.1746,26479.4707
2026-04-21,RUSSELL2000_MINI,85212,101109,-15897,10901,17464,-6563,-0.2314,2764.97
2026-04-21,SP500,230168,340125,-109957,-3071,-8001,4930,0.4453,
2026-04-28,DOW_x5,10419,12709,-2290,63,-644,707,1.0,49141.9297
2026-04-28,NASDAQ100_MINI,77487,79809,-2322,2135,13896,-11761,-0.7336,27029.0098
2026-04-28,RUSSELL2000_MINI,83049,100137,-17088,-2163,-972,-1191,-0.3799,2756.05
2026-04-28,SP500,238327,338849,-100522,8159,-1276,9435,1.0,
2026-05-05,DOW_x5,11858,13032,-1174,1439,323,1116,0.6334,49298.25
2026-05-05,NASDAQ100_MINI,81707,80486,1221,4220,677,3543,0.7235,28015.0605
2026-05-05,RUSSELL2000_MINI,97114,106263,-9149,14065,6126,7939,0.3932,2845
2026-05-05,SP500,254889,353470,-98581,16562,14621,1941,0.0622,
2026-05-12,DOW_x5,12350,15239,-2889,492,2207,-1715,-0.6354,49760.5586
2026-05-12,NASDAQ100_MINI,71239,87224,-15985,-10468,6738,-17206,-1.0,29064.8008
2026-05-12,RUSSELL2000_MINI,95598,108713,-13115,-1516,2450,-3966,-1.0,2842.8301
2026-05-12,SP500,266045,404950,-138905,11156,51480,-40324,-0.6438,
2026-05-19,DOW_x5,9758,18249,-8491,-2592,3010,-5602,-1.0,49363.8789
2026-05-19,NASDAQ100_MINI,87137,88557,-1420,15898,1333,14565,0.8453,28818.8398
2026-05-19,RUSSELL2000_MINI,79731,100779,-21048,-15867,-7934,-7933,-0.3333,2747.0701
2026-05-19,SP500,270399,405305,-134906,4354,355,3999,0.8492,
2026-05-26,DOW_x5,9500,17262,-7762,-258,-987,729,0.5855,50461.6797
2026-05-26,NASDAQ100_MINI,85248,91333,-6085,-1889,2776,-4665,-1.0,30001.3203
2026-05-26,RUSSELL2000_MINI,83850,99779,-15929,4119,-1000,5119,1.0,2920.54
2026-05-26,SP500,254834,414150,-159316,-15565,8845,-24410,-1.0,
2026-06-02,DOW_x5,12949,17406,-4457,3449,144,3305,0.9198,51307.7891
2026-06-02,NASDAQ100_MINI,87192,102141,-14949,1944,10808,-8864,-0.6951,30660.5996
2026-06-02,RUSSELL2000_MINI,78291,93215,-14924,-5559,-6564,1005,0.0829,2931.96
2026-06-02,SP500,270732,485041,-214309,15898,70891,-54993,-0.6336,
2026-06-09,DOW_x5,12308,14327,-2019,-641,-3079,2438,0.6554,50872.1094
2026-06-09,NASDAQ100_MINI,91241,92590,-1349,4049,-9551,13600,1.0,29084.5
2026-06-09,RUSSELL2000_MINI,61317,99283,-37966,-16974,6068,-23042,-1.0,2867.02
2026-06-09,SP500,268106,462660,-194554,-2626,-22381,19755,0.79,
2026-06-16,DOW_x5,13444,10577,2867,1136,-3750,4886,1.0,51999.6719
2026-06-16,NASDAQ100_MINI,92176,101084,-8908,935,8494,-7559,-0.8017,29968.1309
2026-06-16,RUSSELL2000_MINI,57066,77315,-20249,-4251,-21968,17717,0.6757,2939.2
2026-06-16,SP500,262596,442739,-180143,-5510,-19921,14411,0.5667,
2026-06-23,DOW_x5,19836,10362,9474,6392,-215,6607,1.0,51666.8398
2026-06-23,NASDAQ100_MINI,64628,73772,-9144,-27548,-27312,-236,-0.0043,29347.2695
2026-06-23,RUSSELL2000_MINI,60724,87562,-26838,3658,10247,-6589,-0.4739,2975.48
2026-06-23,SP500,250700,282856,-32156,-11896,-159883,147987,0.8615,
2026-06-30,DOW_x5,23784,11715,12069,3948,1353,2595,0.4895,52319.1992
2026-06-30,NASDAQ100_MINI,64639,72243,-7604,11,-1529,1540,1.0,30276.3496
2026-06-30,RUSSELL2000_MINI,72328,97896,-25568,11604,10334,1270,0.0579,3024.3701
2026-06-30,SP500,247194,285025,-37831,-3506,2169,-5675,-1.0,
2026-07-07,DOW_x5,21493,10013,11480,-2291,-1702,-589,-0.1475,52925.1484
2026-07-07,NASDAQ100_MINI,75505,73442,2063,10866,1199,9667,0.8012,29173.0195
2026-07-07,RUSSELL2000_MINI,70290,101299,-31009,-2038,3403,-5441,-1.0,2982.49
2026-07-07,SP500,242815,286801,-43986,-4379,1776,-6155,-1.0,
2026-07-14,DOW_x5,20912,7708,13204,-581,-2305,1724,0.5974,52508.2695
2026-07-14,NASDAQ100_MINI,75623,72902,2721,118,-540,658,1.0,29586.2891
2026-07-14,RUSSELL2000_MINI,76787,101467,-24680,6497,168,6329,0.9496,2964.76
2026-07-14,SP500,253718,296283,-42565,10903,9482,1421,0.0697,
2026-07-21,DOW_x5,24544,10617,13927,3632,2909,723,0.1105,52224.6406
2026-07-21,NASDAQ100_MINI,74063,69517,4546,-1560,-3385,1825,0.3691,29155.1797
2026-07-21,RUSSELL2000_MINI,87779,94738,-6959,10992,-6729,17721,1.0,2987.3999
2026-07-21,SP500,251249,272247,-20998,-2469,-24036,21567,0.8137,
2026-07-28,DOW_x5,25463,9124,16339,919,-1493,2412,1.0,52747.3203
2026-07-28,NASDAQ100_MINI,81531,76617,4914,7468,7100,368,0.0253,27763.1309
2026-07-28,RUSSELL2000_MINI,84602,100871,-16269,-3177,6133,-9310,-1.0,2953.8
2026-07-28,SP500,252526,271611,-19085,1277,-636,1913,1.0,
2026-08-04,DOW_x5,31437,11386,20051,5974,2262,3712,0.4507,54085.8789
2026-08-04,NASDAQ100_MINI,82514,97153,-14639,983,20536,-19553,-0.9086,29733.1602
2026-08-04,RUSSELL2000_MINI,75483,110210,-34727,-9119,9339,-18458,-1.0,3036.98
2026-08-04,SP500,277648,305655,-28007,25122,34044,-8922,-0.1508,
2026-08-11,DOW_x5,27413,8938,18475,-4024,-2448,-1576,-0.2435,53791.8516
2026-08-11,NASDAQ100_MINI,70328,109630,-39302,-12186,12477,-24663,-1.0,29525.4805
2026-08-11,RUSSELL2000_MINI,77800,120104,-42304,2317,9894,-7577,-0.6205,3027.1201
2026-08-11,SP500,282930,275497,7433,5282,-30158,35440,1.0,
2026-08-18,DOW_x5,26832,9151,17681,-581,213,-794,-1.0,53343.3984
2026-08-18,NASDAQ100_MINI,83526,93942,-10416,13198,-15688,28886,1.0,29490.9609
2026-08-18,RUSSELL2000_MINI,76902,119117,-42215,-898,-987,89,0.0472,3017.8899
2026-08-18,SP500,270678,286414,-15736,-12252,10917,-23169,-1.0,
2026-08-25,DOW_x5,25680,10123,15557,-1152,972,-2124,-1.0,53577.3984
2026-08-25,NASDAQ100_MINI,88632,78593,10039,5106,-15349,20455,1.0,29209.2305
2026-08-25,RUSSELL2000_MINI,65674,117252,-51578,-11228,-1865,-9363,-0.7151,3010.02
2026-08-25,SP500,229741,307916,-78175,-40937,21502,-62439,-1.0,
2026-09-01,DOW_x5,26546,9218,17328,866,-905,1771,1.0,52766.8789
2026-09-01,NASDAQ100_MINI,89434,63544,25890,802,-15049,15851,1.0,29077.2207
2026-09-01,RUSSELL2000_MINI,63898,135561,-71663,-1776,18309,-20085,-1.0,2920.1299
2026-09-01,SP500,231701,321072,-89371,1960,13156,-11196,-0.7407,
